/*
SQLyog Community v10.42 
MySQL - 5.5.27 : Database - sppdb
*********************************************************************
*/

/*!40101 SET NAMES utf8 */;

/*!40101 SET SQL_MODE=''*/;

/*!40014 SET @OLD_UNIQUE_CHECKS=@@UNIQUE_CHECKS, UNIQUE_CHECKS=0 */;
/*!40014 SET @OLD_FOREIGN_KEY_CHECKS=@@FOREIGN_KEY_CHECKS, FOREIGN_KEY_CHECKS=0 */;
/*!40101 SET @OLD_SQL_MODE=@@SQL_MODE, SQL_MODE='NO_AUTO_VALUE_ON_ZERO' */;
/*!40111 SET @OLD_SQL_NOTES=@@SQL_NOTES, SQL_NOTES=0 */;
CREATE DATABASE /*!32312 IF NOT EXISTS*/`sppdb` /*!40100 DEFAULT CHARACTER SET latin1 */;

USE `sppdb`;

/*Table structure for table `bulan` */

DROP TABLE IF EXISTS `bulan`;

CREATE TABLE `bulan` (
  `id_bulan` char(2) NOT NULL,
  `nama_bulan` varchar(50) NOT NULL,
  PRIMARY KEY (`id_bulan`)
) ENGINE=MyISAM AUTO_INCREMENT=13 DEFAULT CHARSET=latin1;

/*Data for the table `bulan` */

insert  into `bulan`(`id_bulan`,`nama_bulan`) values ('07','juli'),('08','agustus'),('09','september'),('10','oktober'),('11','november'),('12','desember'),('01','januari'),('02','februari'),('03','maret'),('04','april'),('05','mei'),('06','juni');

/*Table structure for table `jurusan` */

DROP TABLE IF EXISTS `jurusan`;

CREATE TABLE `jurusan` (
  `kd_jurusan` char(6) NOT NULL,
  `nama_jurusan` char(3) DEFAULT NULL,
  `fulname_jurusan` varchar(35) DEFAULT NULL,
  PRIMARY KEY (`kd_jurusan`)
) ENGINE=InnoDB DEFAULT CHARSET=latin1;

/*Data for the table `jurusan` */

insert  into `jurusan`(`kd_jurusan`,`nama_jurusan`,`fulname_jurusan`) values ('SMKJ01','PG','Persiapan Grafika'),('SMKJ02','TSM','Teknik Sepeda Motor'),('SMKJ03','RPL','Rekayasa Perangkat Lunak'),('SMKJ04','TKJ','Teknik Komputer Jaringan'),('SMKJ05','AK','Akuntansi'),('SMKJ06','AP','Administrasi Perkantoran'),('SMKJ07','PS','Pemasaran'),('SMKJ08','PBR','Pengelolaan Bisnis Retail');

/*Table structure for table `kelas` */

DROP TABLE IF EXISTS `kelas`;

CREATE TABLE `kelas` (
  `kd_kls` char(7) NOT NULL,
  `kd_jurusan` char(6) DEFAULT NULL,
  `nama_kelas` varchar(25) DEFAULT NULL,
  PRIMARY KEY (`kd_kls`)
) ENGINE=InnoDB DEFAULT CHARSET=latin1;

/*Data for the table `kelas` */

insert  into `kelas`(`kd_kls`,`kd_jurusan`,`nama_kelas`) values ('KLS001','SMKJ01','X PG'),('KLS002','SMKJ02','X TSM'),('KLS003','SMKJ03','X RPL'),('KLS004','SMKJ04','X TKJ 1'),('KLS005','SMKJ04','X TKJ 2'),('KLS006','SMKJ05','X AK 1'),('KLS007','SMKJ05','X AK 2'),('KLS008','SMKJ05','X AK 3'),('KLS009','SMKJ06','X AP 1'),('KLS010','SMKJ06','X AP 2'),('KLS011','SMKJ06','X AP 3'),('KLS012','SMKJ08','X PBR 1'),('KLS013','SMKJ08','X PBR 2'),('KLS014','SMKJ08','X PBR 3'),('KLS015','SMKJ08','X PBR 4'),('KLS016','SMKJ01','XI PG'),('KLS017','SMKL02','XI TSM 1'),('KLS018','SMKJ02','XI TSM 2'),('KLS019','SMKJ03','XI RPL 1'),('KLS020','SMKJ03','XI RPL 2'),('KLS021','SMKJ05','XI AK 1'),('KLS022','SMKJ05','XI AK 2'),('KLS023','SMKJ06','XI AP 1'),('KLS024','SMKJ06','XI AP 2'),('KLS025','SMKJ06','XI AP 3'),('KLS026','SMKJ07','XI PS 1'),('KLS027','SMKJ07','XI PS 2'),('KLS028','SMKJ07','XI PS 3'),('KLS029','SMKJ07','XI PS 4'),('KLS030','SMKJ01','XII PG'),('KLS031','SMKJ02','XII TSM 1'),('KLS032','SMKJ02','XII TSM 2'),('KLS033','SMKJ03','XII RPL 1'),('KLS034','SMKJ03','XII RPL 2'),('KLS035','SMKJ05','XII AK 1'),('KLS036','SMKJ05','XII AK 2'),('KLS037','SMKN06','XII AP 1'),('KLS038','SMKJ06','XII AP 2'),('KLS039','SMKJ06','XII AP 3'),('KLS040','SMKJ07','XII PS 1'),('KLS041','SMKJ07','XII PS 2'),('KLS042',NULL,'XII PS 3');

/*Table structure for table `siswa` */

DROP TABLE IF EXISTS `siswa`;

CREATE TABLE `siswa` (
  `id` smallint(6) NOT NULL AUTO_INCREMENT,
  `nis` char(8) NOT NULL,
  `nama` varchar(100) DEFAULT NULL,
  `kd_jurusan` char(6) DEFAULT NULL,
  `kd_kls` char(7) DEFAULT NULL,
  `jk` enum('L','P') DEFAULT NULL,
  PRIMARY KEY (`id`)
) ENGINE=InnoDB AUTO_INCREMENT=1716 DEFAULT CHARSET=latin1;

/*Data for the table `siswa` */

insert  into `siswa`(`id`,`nis`,`nama`,`kd_jurusan`,`kd_kls`,`jk`) values (2,'1130060','ANGGA APRIO DANA','SMKJ01','KLS001','L'),(3,'1130061','ANGGIFA TRAH PRAWIRA PINASTI','SMKJ01','KLS001','L'),(4,'1130066','ANJAR INDRA JANNATI','SMKJ01','KLS001','L'),(5,'1130076','ARIS SODIKIN','SMKJ01','KLS001','L'),(6,'1130081','ASHA IKA YANTI','SMKJ01','KLS001','P'),(7,'1130083','ASRI HALIMATU SYADIAH','SMKJ01','KLS001','P'),(8,'1130098','CAHYA ALDIZA DIPUTRA','SMKJ01','KLS001','L'),(9,'1130138','DENA DANIAR','SMKJ01','KLS001','P'),(10,'1130167','DIKI ARIF RAHMAN','SMKJ01','KLS001','L'),(11,'1130174','DIMAS SAPTAHARI PRATAMA','SMKJ01','KLS001','L'),(12,'1130205','ENDAH NURMALA MAULIDA','SMKJ01','KLS001','P'),(13,'1130207','ENDIN JAENUDIN','SMKJ01','KLS001','L'),(14,'1130246','GALIH ADITYA SENTOSA','SMKJ01','KLS001','L'),(15,'1130252','GINA FUADA HASANAH','SMKJ01','KLS001','P'),(16,'1130261','HAFID RAMDANI','SMKJ01','KLS001','L'),(17,'1130269','HENDRO SUPRIYADI','SMKJ01','KLS001','L'),(18,'1130312','IRA NURHAYANTI','SMKJ01','KLS001','P'),(19,'1130329','KANTY MARTIANA CHOMALA','SMKJ01','KLS001','P'),(20,'1130333','KIKI WIDYA ASTUTI','SMKJ01','KLS001','P'),(21,'1130358','LUTFI NURFAUZIAH','SMKJ01','KLS001','P'),(22,'1130381','MIRA KARTIKA','SMKJ01','KLS001','P'),(23,'1130385','MOHAMMAD FAISAL','SMKJ01','KLS001','L'),(24,'1130390','MUHAMAD RAMDHAN','SMKJ01','KLS001','L'),(25,'1130395','MUHAMMAD ISKANDAR','SMKJ01','KLS001','L'),(26,'1130396','MUHAMMAD RIZKY KOSASIH','SMKJ01','KLS001','L'),(27,'1130466','RIAN AGUS SETIAWAN','SMKJ01','KLS001','L'),(28,'1130478','RISKA NIASARI','SMKJ01','KLS001','P'),(29,'1130498','ROBBY WAHYU BUDIMAN','SMKJ01','KLS001','L'),(31,'1130537','SILVIA RATNA MENTARI','SMKJ01','KLS001','P'),(32,'1130565','SUNENTI','SMKJ01','KLS001','P'),(33,'1130581','TIKA AULIYA','SMKJ01','KLS001','P'),(34,'1130592','UJANG SUYATNA','SMKJ01','KLS001','L'),(35,'1130608','WHEMPY AHDESTAN RAMADHAN B.','SMKJ01','KLS001','L'),(36,'1130610','WIDA KURNIA','SMKJ01','KLS001','P'),(37,'1130619','WINDIA PUTRI','SMKJ01','KLS001','P'),(38,'1130628','YAYANG WILLY RUKMANA','SMKJ01','KLS001','L'),(39,'1130632','YEVI SOPYANDI','SMKJ01','KLS001','L'),(40,'1130001','A. AFIF SEPTIAN','SMKJ02','KLS002','L'),(41,'1130007','ADAM SAEPUL FARHAN','SMKJ02','KLS002','L'),(42,'1130009','ADE KOSWARA','SMKJ02','KLS002','L'),(43,'1130034','AIP GELAR MAULIDIN','SMKJ02','KLS002','L'),(44,'1130038','AJIS SAEPUDIN','SMKJ02','KLS002','L'),(45,'1130055','ANDRE HENDRIK FIRDAUS','SMKJ02','KLS002','L'),(46,'1130069','ARI USANDRI','SMKJ02','KLS002','L'),(47,'1130073','ARIEF WINARTO','SMKJ02','KLS002','L'),(48,'1130082','ASNAFIAH','SMKJ02','KLS002','P'),(49,'1130091','BAGASKARA PRADANA','SMKJ02','KLS002','L'),(50,'1130131','DEDEN DENI HARDIAN','SMKJ02','KLS002','L'),(51,'1130162','DIAN NURDIANTO','SMKJ02','KLS002','L'),(52,'1130168','DIKI BESTARI','SMKJ02','KLS002','L'),(53,'1130170','DIKI SETIAWAN','SMKJ02','KLS002','L'),(54,'1130185','DIONIUS BAYU HERMANTO','SMKJ02','KLS002','L'),(55,'1130189','DONI SUYITNO','SMKJ02','KLS002','L'),(56,'1130203','ELLY ROHMAN SETIAWAN','SMKJ02','KLS002','L'),(57,'1130247','GANDY AMANDA','SMKJ02','KLS002','L'),(58,'1130250','GIMA FAJAR RAMADHAN','SMKJ02','KLS002','L'),(59,'1130272','HERLAMBANG BISMANTARA','SMKJ02','KLS002','L'),(60,'1130280','IGO PRASETYO','SMKJ02','KLS002','L'),(61,'1130290','ILHAM DANI MAULANA','SMKJ02','KLS002','L'),(62,'1130296','INDRA JATNIKA','SMKJ02','KLS002','L'),(63,'1130327','JOHAN SYAH','SMKJ02','KLS002','L'),(64,'1130340','KUSNANDAR NUGRAHA','SMKJ02','KLS002','L'),(65,'1130345','LENDY GUNAWAN BAHARI','SMKJ02','KLS002','L'),(66,'1130360','LUZEN NURIMAN','SMKJ02','KLS002','L'),(67,'1130389','MUHAMAD RAHMAT HIDAYAT','SMKJ02','KLS002','L'),(68,'1130397','MUHAMMAD SEBASTIAN','SMKJ02','KLS002','L'),(69,'1130399','MUSTOFA','SMKJ02','KLS002','L'),(70,'1130427','OWEN ALFANDY','SMKJ02','KLS002','L'),(71,'1130440','RANDY YONATHAN','SMKJ02','KLS002','L'),(72,'1130448','RAYENDRA KUSUMAH','SMKJ02','KLS002','L'),(73,'1130463','REZKY AL AYYUBI','SMKJ02','KLS002','L'),(74,'1130470','RIKI ARMANDA FAUROHMAN','SMKJ02','KLS002','L'),(75,'1130489','RIVALDI','SMKJ02','KLS002','L'),(76,'1130491','RIZAL','SMKJ02','KLS002','L'),(77,'1130497','RIZKY RAMDANI','SMKJ02','KLS002','L'),(78,'1130573','TAUFIK HIDAYAT','SMKJ02','KLS002','L'),(79,'1130589','TONY SEPTIANA','SMKJ02','KLS002','L'),(80,'1130590','TOTO DARYANTO','SMKJ02','KLS002','L'),(81,'1130605','WAWAN SETIAWAN','SMKJ02','KLS002','L'),(82,'1130006','ADAM INDRIANA SUHARDI','SMKJ03','KLS003','L'),(83,'1130036','AJI KURNIAWAN','SMKJ03','KLS003','L'),(84,'1130040','ALA RAI ABDIALLAH','SMKJ03','KLS003','L'),(85,'1130050','ANANDA MAGHFIRA INSANI ACHMAD','SMKJ03','KLS003','L'),(86,'1130054','ANDITYA RIZKI KURNIAWAN','SMKJ03','KLS003','L'),(87,'1130072','ARIEF LUKMAN','SMKJ03','KLS003','L'),(88,'1130102','CECEP ABDUL MUMIN','SMKJ03','KLS003','L'),(89,'1130106','CHAERUL FIRMANSYAH','SMKJ03','KLS003','L'),(90,'1130122','DEA SEPTIE AGUSTIN','SMKJ03','KLS003','P'),(91,'1130129','DEDE NURJAENI','SMKJ03','KLS003','L'),(92,'1130130','DEDE SOLIHAH','SMKJ03','KLS003','P'),(93,'1130160','DHIKA DJUNIARSYAH BUDIMAN','SMKJ03','KLS003','L'),(94,'1130171','DIKKI FADDILAH AGTANDI','SMKJ03','KLS003','L'),(95,'1130193','EGA NOPANDI','SMKJ03','KLS003','L'),(96,'1130219','FACHRU ROZY','SMKJ03','KLS003','L'),(97,'1130223','FARHAN MUHAMMAD RIFQI','SMKJ03','KLS003','L'),(98,'1130227','FAUZIA HUSNA NADYA','SMKJ03','KLS003','P'),(99,'1130238','FITRI BAROKAH','SMKJ03','KLS003','P'),(100,'1130260','GURUH SAIVI ALI','SMKJ03','KLS003','L'),(101,'1130267','HENDRA WIGUNA JAYUSMAN','SMKJ03','KLS003','L'),(102,'1130288','IKHSAN ARYANA MUSTHOFA','SMKJ03','KLS003','L'),(103,'1130356','LULU UMMU MUTIA','SMKJ03','KLS003','P'),(104,'1130359','LUTHFITYSHA JULIA','SMKJ03','KLS003','P'),(105,'1130368','MAULIZA SALVINA','SMKJ03','KLS003','P'),(106,'1130398','MUHAMMAD ZAID NURUL IMAN','SMKJ03','KLS003','L'),(107,'1130426','NURUL HALIMAH SETIADI','SMKJ03','KLS003','P'),(108,'1130430','PUJAN DANIAR','SMKJ03','KLS003','L'),(109,'1130436','RAIHAN RAMADHAN','SMKJ03','KLS003','L'),(110,'1130437','RAKA WIJAR ABDURACHMAN','SMKJ03','KLS003','L'),(111,'1130453','RENDI YUSUF','SMKJ03','KLS003','L'),(112,'1130467','RIDI RIZKI RAMADHAN','SMKJ03','KLS003','L'),(113,'1130488','RIVAL SEPTIADI','SMKJ03','KLS003','L'),(114,'1130499','ROBI RIYANTO','SMKJ03','KLS003','L'),(115,'1130501','ROHAENI','SMKJ03','KLS003','P'),(116,'1130512','SALSHABILA MAULIDA','SMKJ03','KLS003','P'),(117,'1130525','SELVI NUR AISYAH','SMKJ03','KLS003','P'),(118,'1130533','SHOLEHUDIN AZIZ','SMKJ03','KLS003','L'),(119,'1130563','SUGANDI','SMKJ03','KLS003','L'),(120,'1130599','VINSENTIUS CAHYO CRISNUGROHO','SMKJ03','KLS003','L'),(121,'1130615','WINA NURENDAH','SMKJ03','KLS003','P'),(122,'1130646','ZENNY RACHMAT','SMKJ03','KLS003','P'),(123,'1130002','A. RIZKA INDERI PERMANA P.','SMKJ04','KLS004','P'),(124,'1130016','ADI HERDIANA','SMKJ04','KLS004','L'),(125,'1130027','AHMAD SUTRESNA','SMKJ04','KLS004','L'),(126,'1130037','AJI SEPTIAN','SMKJ04','KLS004','L'),(127,'1130042','ALFI NUR YULIANI','SMKJ04','KLS004','P'),(128,'1130074','ARIES NOVAN IRGIAWAN','SMKJ04','KLS004','L'),(129,'1130084','ASWATUN HASANAH','SMKJ04','KLS004','P'),(130,'1130093','BAYU ROHMAYANA','SMKJ04','KLS004','L'),(131,'1130095','BILI NODIANSYAH','SMKJ04','KLS004','L'),(132,'1130101','CECE SAMSURI','SMKJ04','KLS004','L'),(133,'1130133','DEKA DWI NINGRUM','SMKJ04','KLS004','P'),(134,'1130147','DETI ANGGRAENI','SMKJ04','KLS004','P'),(135,'1130155','DEWI RAHMATULLAH FIRDAUS','SMKJ04','KLS004','P'),(136,'1130176','DINA LESTARI','SMKJ04','KLS004','P'),(137,'1130221','FAJAR PRAYOGA','SMKJ04','KLS004','L'),(138,'1130231','FEBRIANA NUR ROKHMAN','SMKJ04','KLS004','L'),(139,'1130251','GINA DIBA UTRUJIA','SMKJ04','KLS004','P'),(140,'1130258','GUMILANG RAMADON','SMKJ04','KLS004','L'),(141,'1130271','HERI NURYANA','SMKJ04','KLS004','L'),(142,'1130284','IIS ISMAYANTI','SMKJ04','KLS004','P'),(143,'1130287','IKBAL YOHRI','SMKJ04','KLS004','L'),(144,'1130326','JIMI ALDI RAKHMADIAT','SMKJ04','KLS004','L'),(145,'1130337','KRISNA KURNIAWAN','SMKJ04','KLS004','L'),(146,'1130347','LIA NURSARI','SMKJ04','KLS004','P'),(147,'1130364','M.KRISNADY','SMKJ04','KLS004','L'),(148,'1130386','MONICA AGUSTIN','SMKJ04','KLS004','P'),(149,'1130391','MUHAMAD RIKI ABDUL SANUSI','SMKJ04','KLS004','L'),(150,'1130393','MUHAMMAD AZIZULHAKIM MP.','SMKJ04','KLS004','L'),(151,'1130405','NANDA ENDIKA','SMKJ04','KLS004','L'),(152,'1130412','NENG SUFI NUR ALFIAH','SMKJ04','KLS004','P'),(153,'1130415','NISA MAULINA','SMKJ04','KLS004','P'),(154,'1130421','NUNIK NURACHMI','SMKJ04','KLS004','P'),(155,'1130429','PINI OKTAVIANI','SMKJ04','KLS004','P'),(156,'1130462','REZA RANGGA DIRZA','SMKJ04','KLS004','L'),(157,'1130490','RIVALDO NUGRAHA','SMKJ04','KLS004','L'),(158,'1130492','RIZAL FADHILLAH','SMKJ04','KLS004','L'),(159,'1130495','RIZKY ADITYA SUBEKTI','SMKJ04','KLS004','L'),(160,'1130496','RIZKY QOMARUZZAMAN','SMKJ04','KLS004','L'),(161,'1130506','RYAN SEPTIANA','SMKJ04','KLS004','L'),(162,'1130510','SAEPULOH','SMKJ04','KLS004','L'),(163,'1130003','ABDEL JULIAN BENGNGU','SMKJ04','KLS005','L'),(164,'1130004','ABI LAKSANA','SMKJ04','KLS005','L'),(165,'1130005','ACHMAD MAHDUM GUMELAR','SMKJ04','KLS005','L'),(166,'1130019','ADITYA RESTU','SMKJ04','KLS005','L'),(167,'1130021','AGIN ARDIAN HERMAWAN','SMKJ04','KLS005','L'),(168,'1130022','AGUNG KURNIAWAN','SMKJ04','KLS005','L'),(169,'1130035','AJI HADI PURNAMA','SMKJ04','KLS005','L'),(170,'1130045','ALGI MUHAMMAD GHOFUR','SMKJ04','KLS005','L'),(171,'1130049','AMUD JAMALUDIN','SMKJ04','KLS005','L'),(172,'1130158','DHEANDRA SALMAA RIBKA KIRANA','SMKJ04','KLS005','P'),(173,'1130159','DHIEMAS WALUYA','SMKJ04','KLS005','L'),(174,'1130188','DONI NURFADLILAH','SMKJ04','KLS005','L'),(175,'1130190','DWI ANDINI TRIANAH','SMKJ04','KLS005','P'),(176,'1130218','FACHRIL CAHAYANA','SMKJ04','KLS005','L'),(177,'1130233','FERRI HENDRAWAN','SMKJ04','KLS005','L'),(178,'1130244','FUJI LESTARI','SMKJ04','KLS005','P'),(179,'1130253','GINA MAYLANI PUTRI','SMKJ04','KLS005','P'),(180,'1130262','HAIDAR ISMAIL','SMKJ04','KLS005','L'),(181,'1130263','HAMDAN MAULADI FATURRAHMAN','SMKJ04','KLS005','L'),(182,'1130313','IRA SRI AGUSTINA','SMKJ04','KLS005','P'),(183,'1130318','ISMAIL JAMIL JAUHARI','SMKJ04','KLS005','L'),(184,'1130335','KINTAN APRYLIANTI','SMKJ04','KLS005','P'),(185,'1130363','M. RIFQY RAMDHANI','SMKJ04','KLS005','L'),(186,'1130378','MERITA SARI','SMKJ04','KLS005','P'),(187,'1130388','MUHAMAD KHAIKAL AZHARI','SMKJ04','KLS005','L'),(188,'1130394','MUHAMMAD CAHAYA','SMKJ04','KLS005','L'),(189,'1130400','MUSTOFA ALIANSYAH','SMKJ04','KLS005','L'),(190,'1130420','NOVIEANA RIANDINIE','SMKJ04','KLS005','P'),(191,'1130434','RAFLY NOVIYANTO TILAAR','SMKJ04','KLS005','L'),(192,'1130479','RISKI MANTOVANNY','SMKJ04','KLS005','L'),(193,'1130493','RIZAL RIYADI APRIYANTO','SMKJ04','KLS005','L'),(194,'1130503','RONAN JATI SUBAGJA','SMKJ04','KLS005','L'),(195,'1130507','RYAN SOPYAN IRAWAN','SMKJ04','KLS005','L'),(196,'1130514','SANDITIO WIDAD','SMKJ04','KLS005','L'),(197,'1130542','SISKA TRI NURLATIPAH','SMKJ04','KLS005','P'),(198,'1130588','TOMI MEI GIARDI','SMKJ04','KLS005','L'),(199,'1130603','WANDI PRAMANA','SMKJ04','KLS005','L'),(200,'1130634','YONI NUGRAHA','SMKJ04','KLS005','L'),(201,'1130026','AHADAN NURDIN RAMADHAN','SMKJ05','KLS006','L'),(202,'1130064','ANITA RAHAYU','SMKJ05','KLS006','P'),(203,'1130077','ARYANTI','SMKJ05','KLS006','P'),(204,'1130080','ASEP RIZAL','SMKJ05','KLS006','L'),(205,'1130085','ATIN KARTINI','SMKJ05','KLS006','P'),(206,'1130092','BAMBANG PRASAJI SANTOSO','SMKJ05','KLS006','L'),(207,'1130109','CICI HARYANI','SMKJ05','KLS006','P'),(208,'1130139','DENI NUGRAHA','SMKJ05','KLS006','L'),(209,'1130141','DERIS YAYANG RIZQIYAH','SMKJ05','KLS006','P'),(210,'1130151','DEVIAN','SMKJ05','KLS006','P'),(211,'1130183','DINI SOPIA','SMKJ05','KLS006','P'),(212,'1130184','DIO CHANDRA MAHESA','SMKJ05','KLS006','L'),(213,'1130213','EVA NOVITASARI','SMKJ05','KLS006','P'),(214,'1130225','FATIMAH ZAHRO ALLAWIYAH','SMKJ05','KLS006','P'),(215,'1130230','FEBBY HAMAM SYAHBIATH','SMKJ05','KLS006','L'),(216,'1130232','FERDY SANDRIA','SMKJ05','KLS006','L'),(217,'1130245','GABRIELLE ILANA FERHAN','SMKJ05','KLS006','P'),(218,'1130297','INDRI WIDAYANTI','SMKJ05','KLS006','P'),(219,'1130303','INTAN NIA MAULIDA','SMKJ05','KLS006','P'),(220,'1130309','IQBAL RAMADHAN','SMKJ05','KLS006','L'),(221,'1130342','LARASATI NOVENDRA','SMKJ05','KLS006','P'),(222,'1130343','LARASWATI','SMKJ05','KLS006','P'),(223,'1130369','MAYA MEIDINI','SMKJ05','KLS006','P'),(224,'1130372','MEGA AGUSTINA','SMKJ05','KLS006','P'),(225,'1130375','MELIA NURSANTIKA','SMKJ05','KLS006','P'),(226,'1130387','MUHAMAD DINDIN NUGRAHA','SMKJ05','KLS006','L'),(227,'1130411','NELA FAUZIAH','SMKJ05','KLS006','P'),(228,'1130414','NINDI MAWARNI','SMKJ05','KLS006','P'),(229,'1130432','PUTRI NURHERAWATI','SMKJ05','KLS006','P'),(230,'1130445','RATIH IRMA YANI','SMKJ05','KLS006','P'),(231,'1130447','RATNASARI','SMKJ05','KLS006','P'),(232,'1130455','RESSA DIANNELA','SMKJ05','KLS006','P'),(233,'1130469','RIKA NURAENI','SMKJ05','KLS006','P'),(234,'1130487','RITA SANTIKA','SMKJ05','KLS006','P'),(235,'1130500','ROBI SETIAWAN','SMKJ05','KLS006','L'),(236,'1130504','ROSA KOMALASARI','SMKJ05','KLS006','P'),(237,'1130535','SILVIA AGUSTINA','SMKJ05','KLS006','P'),(238,'1130551','SITY JENAB YUNIDAR','SMKJ05','KLS006','P'),(239,'1130561','SRIWANTI NURBAYANTI','SMKJ05','KLS006','P'),(240,'1130576','TETI','SMKJ05','KLS006','P'),(241,'1130583','TITA LAWATI','SMKJ05','KLS006','P'),(242,'1130586','TIWI TRANSISTI NURAMANAH','SMKJ05','KLS006','P'),(243,'1130611','WIDANINGSIH','SMKJ05','KLS006','P'),(244,'1130633','YOLANDA ISMI SOPANDI','SMKJ05','KLS006','P'),(245,'1130012','ADELLA DWIANA MUSTOPA','SMKJ05','KLS007','P'),(246,'1130024','AGUS MAULANA','SMKJ05','KLS007','L'),(247,'1130025','AHMAD NUN SYUKURILLAH','SMKJ05','KLS007','L'),(248,'1130028','AI JUHETI','SMKJ05','KLS007','P'),(249,'1130041','ALDI AGUNG RAMADHAN','SMKJ05','KLS007','L'),(250,'1130051','ANDERSON HELAPABA','SMKJ05','KLS007','L'),(251,'1130053','ANDINI DWI MAHARANI','SMKJ05','KLS007','P'),(252,'1130067','ANTO DWI CAHYADI','SMKJ05','KLS007','L'),(253,'1130078','ASEP HEGAR SAWALUDIN','SMKJ05','KLS007','L'),(254,'1130135','DELIA KRISTIANTI','SMKJ05','KLS007','P'),(255,'1130146','DESY RUSTIANI LESTARI','SMKJ05','KLS007','P'),(256,'1130148','DEVI AGUSTIANI','SMKJ05','KLS007','P'),(257,'1130153','DEWI ANGGRAINI','SMKJ05','KLS007','P'),(258,'1130178','DINDA NOVIYANI','SMKJ05','KLS007','P'),(259,'1130215','EVA RINI INDRIANI','SMKJ05','KLS007','P'),(260,'1130241','FITRIYANI','SMKJ05','KLS007','P'),(261,'1130242','FRINI NURTINA DEWI','SMKJ05','KLS007','P'),(262,'1130243','FUJI DWI LESTARI','SMKJ05','KLS007','P'),(263,'1130255','GINANJAR WISNU KURNIAWAN','SMKJ05','KLS007','L'),(264,'1130276','HOMISATUL BARIAH','SMKJ05','KLS007','P'),(265,'1130285','IIS SOLIHAH','SMKJ05','KLS007','P'),(266,'1130292','IMA NURHALIMAH','SMKJ05','KLS007','P'),(267,'1130295','IMELIA NURUL ANGGRAENI','SMKJ05','KLS007','P'),(268,'1130299','INDRIANI NUR SOLEHAH','SMKJ05','KLS007','P'),(269,'1130302','INTAN FITRIANTI','SMKJ05','KLS007','P'),(270,'1130314','IRA YULIA AGUSTINA','SMKJ05','KLS007','P'),(271,'1130320','ITA HIDAYAT','SMKJ05','KLS007','L'),(272,'1130344','LATIPAH PITRIANI','SMKJ05','KLS007','P'),(273,'1130350','LIANA PUTRI','SMKJ05','KLS007','P'),(274,'1130407','NANDA RATU KINANTI','SMKJ05','KLS007','P'),(275,'1130409','NANI WIJAYA','SMKJ05','KLS007','P'),(276,'1130416','NITA APRILIA','SMKJ05','KLS007','P'),(277,'1130472','RINA RAHMAWATI','SMKJ05','KLS007','P'),(278,'1130475','RIRIN KOMALASARI','SMKJ05','KLS007','P'),(279,'1130543','SITI AMINAH','SMKJ05','KLS007','P'),(280,'1130552','SRI CAHYANI','SMKJ05','KLS007','P'),(281,'1130569','SUSANTI RAHAYU','SMKJ05','KLS007','P'),(282,'1130585','TIWI ALIPAH NURJANAH','SMKJ05','KLS007','P'),(283,'1130602','WAHYU','SMKJ05','KLS007','L'),(284,'1130609','WIDA KANDIA','SMKJ05','KLS007','P'),(285,'1130624','WULAN AYU LIA RAHMAN','SMKJ05','KLS007','P'),(286,'1130631','YESI MARFANITA','SMKJ05','KLS007','P'),(287,'1130639','YULIANI KARLINA','SMKJ05','KLS007','P'),(288,'1130642','YUNIAR PUTRI ANUGRAH','SMKJ05','KLS007','P'),(289,'1130030','AI SUNENGSIH','SMKJ05','KLS008','P'),(290,'1130031','AINA HIKMAH','SMKJ05','KLS008','P'),(291,'1130063','ANISA AYU ANZANI','SMKJ05','KLS008','P'),(292,'1130112','CRISANTI DEWI ARIFIAN','SMKJ05','KLS008','P'),(293,'1130117','DARA MAULIDA ZAKIAH','SMKJ05','KLS008','P'),(294,'1130118','DARMILA YULIANINGSIH','SMKJ05','KLS008','P'),(295,'1130119','DAVID KUSNANDAR','SMKJ05','KLS008','L'),(296,'1130120','DEA DELLA AMELINE','SMKJ05','KLS008','P'),(297,'1130154','DEWI ANJANI SUWARDIANA','SMKJ05','KLS008','P'),(298,'1130165','DIDA SONJAYA','SMKJ05','KLS008','L'),(299,'1130169','DIKI PAJAR SIDIK','SMKJ05','KLS008','L'),(300,'1130191','DYAH AGUSTIN NURYANTI','SMKJ05','KLS008','P'),(301,'1130200','ELI SUMARNI','SMKJ05','KLS008','P'),(302,'1130239','FITRI MEGAWATI','SMKJ05','KLS008','P'),(303,'1130270','HERAYANI','SMKJ05','KLS008','P'),(304,'1130275','HILDA NURSABANI EFENDY','SMKJ05','KLS008','P'),(305,'1130311','IRA ARISMAYANTI','SMKJ05','KLS008','P'),(306,'1130319','ISTI NURAINI','SMKJ05','KLS008','P'),(307,'1130331','KIKI KURNIATUN','SMKJ05','KLS008','P'),(308,'1130334','KINDA KIKI KARLINA','SMKJ05','KLS008','P'),(309,'1130357','LUSI WULAN SAFITRI','SMKJ05','KLS008','P'),(310,'1130403','NADIYA ARMINDIA SURYA DARMA','SMKJ05','KLS008','P'),(311,'1130406','NANDA PRATIWI','SMKJ05','KLS008','P'),(312,'1130422','NUR ASRI RAHAYU','SMKJ05','KLS008','P'),(313,'1130428','PEBI PEBRIANA SANGWAR','SMKJ05','KLS008','L'),(314,'1130435','RAHMAT SARIPUDIN','SMKJ05','KLS008','L'),(315,'1130441','RANGGA ERAWAN','SMKJ05','KLS008','L'),(316,'1130444','RANI NUR APRILIA','SMKJ05','KLS008','P'),(317,'1130456','RESTU PANCAGIONO','SMKJ05','KLS008','L'),(318,'1130508','RYAN SUHERMAN PUTRA','SMKJ05','KLS008','L'),(319,'1130509','SAEFULLOH','SMKJ05','KLS008','L'),(320,'1130523','SARTENI','SMKJ05','KLS008','P'),(321,'1130530','SHINTIA PEBRIYANTI','SMKJ05','KLS008','P'),(322,'1130532','SHOLEHA ROSMALAWATI. LR','SMKJ05','KLS008','P'),(323,'1130536','SILVIA ARDAYANTI','SMKJ05','KLS008','P'),(324,'1130540','SISKA FEBY YANTI','SMKJ05','KLS008','P'),(325,'1130546','SITI LATIPAH HANDAYANI','SMKJ05','KLS008','P'),(326,'1130560','SRI WIDYA HASTUTI','SMKJ05','KLS008','P'),(327,'1130577','TETI WIDA NENGSIH','SMKJ05','KLS008','P'),(328,'1130582','TINA RAHAYU','SMKJ05','KLS008','P'),(329,'1130593','UKA SUKAESIH','SMKJ05','KLS008','P'),(330,'1130595','UNAN CEPI','SMKJ05','KLS008','L'),(331,'1130601','VIVI REVINA','SMKJ05','KLS008','P'),(332,'1130606','WEGA RISA','SMKJ05','KLS008','P'),(333,'1130620','WINE ANGGRAENI','SMKJ05','KLS008','P'),(334,'1130018','ADITIA DARMAJI','SMKJ06','KLS009','L'),(335,'1130020','AEP MULYANA','SMKJ06','KLS009','L'),(336,'1130075','ARIFAH DWI NOVIYANTI','SMKJ06','KLS009','P'),(337,'1130086','AULIA NABILA SARI','SMKJ06','KLS009','P'),(338,'1130090','AZMI LUTFIYANTI','SMKJ06','KLS009','P'),(339,'1130103','CECILLIA DWIGHINA GANERY','SMKJ06','KLS009','P'),(340,'1130125','DEBBY MEGAWATI','SMKJ06','KLS009','P'),(341,'1130137','DELIS SETIANI','SMKJ06','KLS009','P'),(342,'1130161','DHITA ARYANTI','SMKJ06','KLS009','P'),(343,'1130163','DIAN WISNU FERMANA KHAWAIRIAN','SMKJ06','KLS009','L'),(344,'1130164','DIAS ISYWARA','SMKJ06','KLS009','L'),(345,'1130192','EGA MERLIANA','SMKJ06','KLS009','P'),(346,'1130198','EKY SYLVIA DEWI','SMKJ06','KLS009','P'),(347,'1130204','ELLYNDA RUKMANA','SMKJ06','KLS009','P'),(348,'1130211','EUIS TITAWATI','SMKJ06','KLS009','P'),(349,'1130234','FIFIH WIDIANTI','SMKJ06','KLS009','P'),(350,'1130248','GIAS PERMANA','SMKJ06','KLS009','L'),(351,'1130273','HESTI NUR PUSVITA','SMKJ06','KLS009','P'),(352,'1130279','IDA IRMAYANTI','SMKJ06','KLS009','P'),(353,'1130291','ILMI HARYATI','SMKJ06','KLS009','P'),(354,'1130293','IMAS NURENDAH','SMKJ06','KLS009','P'),(355,'1130298','INDRIA HANDAENI','SMKJ06','KLS009','P'),(356,'1130315','IRIANA RESYA SAPITRI','SMKJ06','KLS009','P'),(357,'1130317','IRMA ROSDIANA','SMKJ06','KLS009','P'),(358,'1130328','JULAEHA RAMADHAN','SMKJ06','KLS009','P'),(359,'1130339','KURNIA DEWI MANINTIN','SMKJ06','KLS009','P'),(360,'1130374','MELI SETIAWATI','SMKJ06','KLS009','P'),(361,'1130419','NOVIA FAUZIAH PUTRI','SMKJ06','KLS009','P'),(362,'1130471','RINA QURAESIN','SMKJ06','KLS009','P'),(363,'1130473','RINI ALFIYANI','SMKJ06','KLS009','P'),(364,'1130476','RIRIN RAHMAWATY','SMKJ06','KLS009','P'),(365,'1130477','RISA RATNA PURI','SMKJ06','KLS009','P'),(366,'1130541','SISKA INDAH SARI','SMKJ06','KLS009','P'),(367,'1130545','SITI FAUZIAH','SMKJ06','KLS009','P'),(368,'1130555','SRI MULYANI','SMKJ06','KLS009','P'),(369,'1130562','SUCI MAWARNI','SMKJ06','KLS009','P'),(370,'1130568','SUSAN SUMARNI','SMKJ06','KLS009','P'),(371,'1130571','SYAHDILA MUTIARA RAHAYU','SMKJ06','KLS009','P'),(372,'1130575','TELA RAHMAWATI M.S','SMKJ06','KLS009','P'),(373,'1130600','VIVI ALVIANTI','SMKJ06','KLS009','P'),(374,'1130613','WIDIASARI','SMKJ06','KLS009','P'),(375,'1130622','WITA NURADIANI','SMKJ06','KLS009','P'),(376,'1130644','YUSI YUSNIAWATI','SMKJ06','KLS009','P'),(377,'1130029','AI NURYANAH','SMKJ06','KLS010','P'),(378,'1130032','AINUN ASRI','SMKJ06','KLS010','P'),(379,'1130062','ANINDHA OKTAVIYANI','SMKJ06','KLS010','P'),(380,'1130065','ANJANI AYU RESTARINI','SMKJ06','KLS010','P'),(381,'1130094','BELLA AMELIA','SMKJ06','KLS010','P'),(382,'1130099','CAHYATI','SMKJ06','KLS010','P'),(383,'1130105','CEUCEU PANGESTU','SMKJ06','KLS010','P'),(384,'1130113','CUCU IMAS FITRI','SMKJ06','KLS010','P'),(385,'1130134','DELA PERIKA','SMKJ06','KLS010','P'),(386,'1130136','DELIMA HARDIANTI','SMKJ06','KLS010','P'),(387,'1130140','DEPI RIANTI','SMKJ06','KLS010','P'),(388,'1130152','DEVIE FITRIANTIE','SMKJ06','KLS010','P'),(389,'1130172','DILA RAHMAWATI SUPRIATNA','SMKJ06','KLS010','P'),(390,'1130175','DINA HERDIANINGSIH','SMKJ06','KLS010','P'),(391,'1130196','EKA NURHAYATI','SMKJ06','KLS010','P'),(392,'1130201','ELIS INDRIYANI','SMKJ06','KLS010','P'),(393,'1130202','ELISTIANI','SMKJ06','KLS010','P'),(394,'1130235','FIFIT KUSFITASARI','SMKJ06','KLS010','P'),(395,'1130240','FITRIA INDAH SARI','SMKJ06','KLS010','P'),(396,'1130254','GINA NURJANAH','SMKJ06','KLS010','P'),(397,'1130282','IIS CAHYANTI','SMKJ06','KLS010','P'),(398,'1130300','INDRIYANI','SMKJ06','KLS010','P'),(399,'1130307','IPAH HANIPAH SRI MAYANTI','SMKJ06','KLS010','P'),(400,'1130310','IRA ANDRIYANI','SMKJ06','KLS010','P'),(401,'1130316','IRMA NOVIANTI','SMKJ06','KLS010','P'),(402,'1130325','JIHAN MEGA PRAHERA','SMKJ06','KLS010','P'),(403,'1130371','MAYANG SARI','SMKJ06','KLS010','P'),(404,'1130417','NOVA CINTIYA A.F.','SMKJ06','KLS010','P'),(405,'1130433','R. ISTI ISPIANTI','SMKJ06','KLS010','P'),(406,'1130454','RESMA RAHAYU MUSTIKASARI','SMKJ06','KLS010','P'),(407,'1130484','RITA MUNIAR','SMKJ06','KLS010','P'),(408,'1130502','ROIDA FEBI FEBRIYANI','SMKJ06','KLS010','P'),(409,'1130520','SANTI MULYANI','SMKJ06','KLS010','P'),(410,'1130522','SARAH MELISA BR. SITORUS','SMKJ06','KLS010','P'),(411,'1130526','SENJA AYU LESTARI PUTRI','SMKJ06','KLS010','P'),(412,'1130544','SITI ANI','SMKJ06','KLS010','P'),(413,'1130554','SRI LUDIANTI','SMKJ06','KLS010','P'),(414,'1130587','TIYA PRATIWI','SMKJ06','KLS010','P'),(415,'1130597','VIA LESTARI','SMKJ06','KLS010','P'),(416,'1130612','WIDIANINGSIH','SMKJ06','KLS010','P'),(417,'1130616','WINDA FAUZIAH INSANI','SMKJ06','KLS010','P'),(418,'1130618','WINDI SEPTIANI','SMKJ06','KLS010','P'),(419,'1130623','WITRI ANGGRAENI','SMKJ06','KLS010','P'),(420,'1130640','YULIAWATI DEWI','SMKJ06','KLS010','P'),(421,'1130043','ALFIAH','SMKJ06','KLS011','P'),(422,'1130044','ALFIAH NURULSANTI','SMKJ06','KLS011','P'),(423,'1130058','ANE AINUN RAHAYU','SMKJ06','KLS011','P'),(424,'1130115','CUCUN ROSILA DEWI','SMKJ06','KLS011','P'),(425,'1130121','DEA MEILANI PERMATASARI','SMKJ06','KLS011','P'),(426,'1130123','DEA SINTHA PATRESHEA','SMKJ06','KLS011','P'),(427,'1130124','DEA YULIANTI','SMKJ06','KLS011','P'),(428,'1130128','DEDE NIAWATI','SMKJ06','KLS011','P'),(429,'1130149','DEVI INDRIYANI','SMKJ06','KLS011','P'),(430,'1130186','DIVIANI RAHMAWATI','SMKJ06','KLS011','P'),(431,'1130195','EKA MERDEKA WATI','SMKJ06','KLS011','P'),(432,'1130199','ELA PUSPITASARI','SMKJ06','KLS011','P'),(433,'1130206','ENDAH ROSMAYASARI','SMKJ06','KLS011','P'),(434,'1130224','FARII DATUNNISA','SMKJ06','KLS011','P'),(435,'1130226','FATMALAH NUR WAHIDAH SUSANTO','SMKJ06','KLS011','P'),(436,'1130229','FAUZIYYAH','SMKJ06','KLS011','P'),(437,'1130289','ILA ROHAYATI','SMKJ06','KLS011','P'),(438,'1130324','JESSICA INSAN CAMELIA ROZANI','SMKJ06','KLS011','P'),(439,'1130330','KEKE NOER YURIKE','SMKJ06','KLS011','P'),(440,'1130348','LIA SAGITA','SMKJ06','KLS011','P'),(441,'1130413','NINA KURNIATI','SMKJ06','KLS011','P'),(442,'1130418','NOVI NURAINI','SMKJ06','KLS011','P'),(443,'1130425','NURUL ASRI','SMKJ06','KLS011','P'),(444,'1130443','RANI HERYANI','SMKJ06','KLS011','P'),(445,'1130457','RESTU PEBRIYANTI','SMKJ06','KLS011','P'),(446,'1130480','RISMA ADVIYANTI','SMKJ06','KLS011','P'),(447,'1130485','RITA NOVIANTI','SMKJ06','KLS011','P'),(448,'1130518','SANIA ADINDA PUTRI','SMKJ06','KLS011','P'),(449,'1130519','SANTI LISTIYANI','SMKJ06','KLS011','P'),(450,'1130521','SANTI ROSITA','SMKJ06','KLS011','P'),(451,'1130524','SELA SETIA WANGI','SMKJ06','KLS011','P'),(452,'1130527','SEPTI MIS ANGGREINI','SMKJ06','KLS011','P'),(453,'1130557','SRI SUSILAWATI','SMKJ06','KLS011','P'),(454,'1130567','SUSAN DELIA FRANSISKA','SMKJ06','KLS011','P'),(455,'1130584','TITA ROSITA','SMKJ06','KLS011','P'),(456,'1130591','TRI EKA HANDAYANI','SMKJ06','KLS011','P'),(457,'1130621','WIRAH OKTAVIANI','SMKJ06','KLS011','P'),(458,'1130629','YENTI MULYATI','SMKJ06','KLS011','P'),(459,'1130630','YESA MEILASARI','SMKJ06','KLS011','P'),(460,'1130636','YUDESIH','SMKJ06','KLS011','P'),(461,'1130643','YUNITA SARI','SMKJ06','KLS011','P'),(462,'1130645','ZALFA AULIA NADHIFAH','SMKJ06','KLS011','P'),(463,'1130010','ADELIA PRATIWI','SMKJ08','KLS012','P'),(464,'1130056','ANDRI JUNIA PRATAMA','SMKJ08','KLS012','L'),(465,'1130068','APIP','SMKJ08','KLS012','L'),(466,'1130079','ASEP HERLAMBANG','SMKJ08','KLS012','L'),(467,'1130088','AYU SUCI TRIMULYANTI','SMKJ08','KLS012','P'),(468,'1130096','BUNGA ADELIA','SMKJ08','KLS012','P'),(469,'1130097','CACA SURYAMAN','SMKJ08','KLS012','L'),(470,'1130104','CEPI HIDAYATULLOH','SMKJ08','KLS012','L'),(471,'1130108','CICA ELISA','SMKJ08','KLS012','P'),(472,'1130114','CUCUN CUNENGSIH','SMKJ08','KLS012','P'),(473,'1130126','DEBBY SEPTIA RACHMAWATI','SMKJ08','KLS012','P'),(474,'1130182','DINI NURAENI MUNAWAROH','SMKJ08','KLS012','P'),(475,'1130197','EKI KUSNAWATI NINGSIH','SMKJ08','KLS012','P'),(476,'1130208','ENUNG NURLAELA','SMKJ08','KLS012','P'),(477,'1130220','FAJAR INSAN PRATAMA','SMKJ08','KLS012','L'),(478,'1130249','GILANG HANDIKA ADJI','SMKJ08','KLS012','L'),(479,'1130265','HANI ROSNAWATI','SMKJ08','KLS012','P'),(480,'1130277','ICHA NURHALIFA','SMKJ08','KLS012','P'),(481,'1130304','INTAN NURUL MUSLIMAH','SMKJ08','KLS012','P'),(482,'1130321','IVAN ALDINO RIVALDO','SMKJ08','KLS012','L'),(483,'1130349','LIA YULIANTI','SMKJ08','KLS012','P'),(484,'1130355','LUIS SUTEDI','SMKJ08','KLS012','L'),(485,'1130366','MARDHIYATUNISA A.S','SMKJ08','KLS012','P'),(486,'1130373','MEGA SILPIA','SMKJ08','KLS012','P'),(487,'1130376','MELIA SANTI','SMKJ08','KLS012','P'),(488,'1130380','MIEKE REJEKI','SMKJ08','KLS012','P'),(489,'1130382','MIRA MILATUSADIA','SMKJ08','KLS012','P'),(490,'1130401','MUTIARA RAHMIATI ILAHI','SMKJ08','KLS012','P'),(491,'1130451','REGITA CAHYANI','SMKJ08','KLS012','P'),(492,'1130482','RITA ASARI','SMKJ08','KLS012','P'),(493,'1130505','RUDI HARTONO','SMKJ08','KLS012','L'),(494,'1130511','SAHRONI','SMKJ08','KLS012','L'),(495,'1130550','SITI SALEHA','SMKJ08','KLS012','P'),(496,'1130558','SRI WAHYUNI','SMKJ08','KLS012','P'),(497,'1130579','TIARA SANI','SMKJ08','KLS012','P'),(498,'1130596','VENY ROBIATUL SAIDDAH','SMKJ08','KLS012','P'),(499,'1130604','WAWAN','SMKJ08','KLS012','L'),(500,'1130617','WINDA MARDIANI','SMKJ08','KLS012','P'),(501,'1130625','WULAN SAFITRI','SMKJ08','KLS012','P'),(502,'1130641','YUNI NURPAYANI','SMKJ08','KLS012','P'),(503,'1130011','ADELIA YULIANI','SMKJ08','KLS013','P'),(504,'1130015','ADI GUSTIRA','SMKJ08','KLS013','L'),(505,'1130023','AGUNG SUPRIYANTO','SMKJ08','KLS013','L'),(506,'1130033','AINUN INDAH LESTARI','SMKJ08','KLS013','P'),(507,'1130048','ALMAH PURNAMA','SMKJ08','KLS013','P'),(508,'1130057','ANDRIYANA','SMKJ08','KLS013','L'),(509,'1130059','ANENG ANJANI','SMKJ08','KLS013','P'),(510,'1130070','ARIE DWIKI FIRDAUS','SMKJ08','KLS013','L'),(511,'1130089','AYU SUSILOWATI','SMKJ08','KLS013','P'),(512,'1130116','DAHLIA ESA PUTRI GUSTIANI','SMKJ08','KLS013','P'),(513,'1130127','DEDE APRIYANSAH','SMKJ08','KLS013','L'),(514,'1130132','DEJAR SUARDI SP','SMKJ08','KLS013','L'),(515,'1130150','DEVI NOVITASARI','SMKJ08','KLS013','P'),(516,'1130173','DILAN MARSENDY','SMKJ08','KLS013','L'),(517,'1130181','DINI ANDRAENI','SMKJ08','KLS013','P'),(518,'1130209','ERPAN SOPYAN','SMKJ08','KLS013','L'),(519,'1130210','EUIS KARTIKA','SMKJ08','KLS013','P'),(520,'1130214','EVA RINASTUTI','SMKJ08','KLS013','P'),(521,'1130217','EVI NURAISYAH AINI','SMKJ08','KLS013','P'),(522,'1130259','GUNAWAN GUMILAR','SMKJ08','KLS013','L'),(523,'1130264','HANI HERDIYANTI','SMKJ08','KLS013','P'),(524,'1130268','HENDRAWAN','SMKJ08','KLS013','L'),(525,'1130283','IIS ISMAWATI','SMKJ08','KLS013','P'),(526,'1130286','IKA SITI KONIFAH','SMKJ08','KLS013','P'),(527,'1130294','IMAS PATMAWATI','SMKJ08','KLS013','P'),(528,'1130305','INTAN PEBRIYANTI','SMKJ08','KLS013','P'),(529,'1130336','KINTAN RAHMILIYANTI','SMKJ08','KLS013','P'),(530,'1130338','KRISTI EKO SUSILAWATI','SMKJ08','KLS013','P'),(531,'1130352','LILIS WINENGSIH','SMKJ08','KLS013','P'),(532,'1130402','NABILA','SMKJ08','KLS013','P'),(533,'1130423','NURHAYATI','SMKJ08','KLS013','P'),(534,'1130439','RAMDAN SUBAGJA','SMKJ08','KLS013','L'),(535,'1130446','RATIH TRESNASIH','SMKJ08','KLS013','P'),(536,'1130458','RETNO AGUSTIN PUTRI','SMKJ08','KLS013','P'),(537,'1130494','RIZKITA CHAERUNISSA','SMKJ08','KLS013','P'),(538,'1130517','SANI NURUL FARIDA','SMKJ08','KLS013','P'),(539,'1130538','SINTA MUSTIKAWATI','SMKJ08','KLS013','P'),(540,'1130549','SITI SAADAH','SMKJ08','KLS013','P'),(541,'1130553','SRI DAYANTI FEBRIANI','SMKJ08','KLS013','P'),(542,'1130566','SURNAYIM','SMKJ08','KLS013','L'),(543,'1130580','TIFFANY DWI ANGRAINI','SMKJ08','KLS013','P'),(544,'1130017','ADI PERMANA','SMKJ08','KLS014','L'),(545,'1130071','ARIEF FIRMANSYAH','SMKJ08','KLS014','L'),(546,'1130087','AYU SITI HARTINAH','SMKJ08','KLS014','P'),(547,'1130107','CHAERUNNISA','SMKJ08','KLS014','P'),(548,'1130110','CICIT LUGIASARI','SMKJ08','KLS014','P'),(549,'1130142','DESI NUR SAADAH','SMKJ08','KLS014','P'),(550,'1130145','DESIYANA RAMADHANTI','SMKJ08','KLS014','P'),(551,'1130156','DEWI SRI ASTUTI','SMKJ08','KLS014','P'),(552,'1130177','DINAR RAHMAYANTI','SMKJ08','KLS014','P'),(553,'1130179','DINDA RIANDINI','SMKJ08','KLS014','P'),(554,'1130194','EGI PRIANGGI','SMKJ08','KLS014','L'),(555,'1130212','EVA ELIANA','SMKJ08','KLS014','P'),(556,'1130274','HETTY MAHESTI','SMKJ08','KLS014','P'),(557,'1130281','IIN TELIN','SMKJ08','KLS014','P'),(558,'1130301','INEU AGUSTIANI','SMKJ08','KLS014','P'),(559,'1130306','INTEN ROSSA','SMKJ08','KLS014','P'),(560,'1130332','KIKI NUR HIKAYAH','SMKJ08','KLS014','P'),(561,'1130346','LETI KUSMIATI','SMKJ08','KLS014','P'),(562,'1130351','LILIS LISNAWATI','SMKJ08','KLS014','P'),(563,'1130353','LINA APRIANTI','SMKJ08','KLS014','P'),(564,'1130354','LISDA NURJANAH','SMKJ08','KLS014','P'),(565,'1130365','MAINA SHOLEHATUN NISSA','SMKJ08','KLS014','P'),(566,'1130383','MIRA SUGIANTI','SMKJ08','KLS014','P'),(567,'1130384','MOCHAMAD RAMDHAN','SMKJ08','KLS014','L'),(568,'1130392','MUHAMAD YUSUF BAHTIAR','SMKJ08','KLS014','L'),(569,'1130404','NANANG DARMAWAN','SMKJ08','KLS014','L'),(570,'1130408','NANDANG YUSUF','SMKJ08','KLS014','L'),(571,'1130424','NURUL ASIAH','SMKJ08','KLS014','P'),(572,'1130438','RAMADHAN','SMKJ08','KLS014','L'),(573,'1130442','RANI FEBRIANI','SMKJ08','KLS014','P'),(574,'1130450','REGI KRISNURDIANSYAH','SMKJ08','KLS014','L'),(575,'1130459','RETNO INDRIYANI','SMKJ08','KLS014','P'),(576,'1130486','RITA PURNAMA DEWI','SMKJ08','KLS014','P'),(577,'1130515','SANDRA IRAWAN','SMKJ08','KLS014','L'),(578,'1130548','SITI ROHAENI','SMKJ08','KLS014','P'),(579,'1130574','TAUFIK HIKMAH','SMKJ08','KLS014','L'),(580,'1130626','YANI APRIYANI','SMKJ08','KLS014','P'),(581,'1130635','YUDA HERMANSYAH','SMKJ08','KLS014','L'),(582,'1130637','YULIA HANI PRATIWI','SMKJ08','KLS014','P'),(583,'1130638','YULIANE AINUN GUNAWAN','SMKJ08','KLS014','P'),(584,'1130008','ADE DWI OKTAPIA','SMKJ08','KLS015','P'),(585,'1130014','ADI APRILIANTO','SMKJ08','KLS015','L'),(586,'1130046','ALI DIAZ SANTOSA','SMKJ08','KLS015','L'),(587,'1130052','ANDI GIANDA','SMKJ08','KLS015','L'),(588,'1130111','CITRA YUNITIA','SMKJ08','KLS015','P'),(589,'1130144','DESI TRISNAWATI','SMKJ08','KLS015','P'),(590,'1130157','DHEA NUR AZIZAH','SMKJ08','KLS015','P'),(591,'1130180','DINDA SHINTYA MUSTIKA','SMKJ08','KLS015','P'),(592,'1130187','DIZEY EDYANSYAH','SMKJ08','KLS015','L'),(593,'1130216','EVI INDRIYANI','SMKJ08','KLS015','P'),(594,'1130222','FAJAR RAHMAT AGUSTIAN','SMKJ08','KLS015','L'),(595,'1130228','FAUZIAH RAHMAWATI','SMKJ08','KLS015','P'),(596,'1130237','FIKRY NUR FAHMI','SMKJ08','KLS015','L'),(597,'1130256','GITA RIZKI TRIANA','SMKJ08','KLS015','P'),(598,'1130257','GUGUN GUMILAR','SMKJ08','KLS015','L'),(599,'1130266','HARIYANSAH','SMKJ08','KLS015','L'),(600,'1130278','IDA HARTATI','SMKJ08','KLS015','P'),(601,'1130323','IYANG IKA ANNISA DESPRIANI','SMKJ08','KLS015','P'),(602,'1130362','M. IQBAL MAULANA','SMKJ08','KLS015','L'),(603,'1130367','MARDIYANTI','SMKJ08','KLS015','P'),(604,'1130370','MAYANG ANGGRAENI','SMKJ08','KLS015','P'),(605,'1130379','MIA RIZKIYAH','SMKJ08','KLS015','P'),(606,'1130431','PUSPA LESTARI SUCI','SMKJ08','KLS015','P'),(607,'1130449','RAZA FEBRIYANTO','SMKJ08','KLS015','L'),(608,'1130460','REVI AGUSTINI','SMKJ08','KLS015','P'),(609,'1130461','REZA FAUZI','SMKJ08','KLS015','L'),(610,'1130464','RIA AGUSTIN BUNGALESTARI','SMKJ08','KLS015','P'),(611,'1130483','RITA KAMELIA SOFA','SMKJ08','KLS015','P'),(612,'1130516','SANDY SILADO SISWANTORO','SMKJ08','KLS015','L'),(613,'1130529','SHINTA AGUSTINUS','SMKJ08','KLS015','P'),(614,'1130531','SHOFATUL MARWAH','SMKJ08','KLS015','P'),(615,'1130534','SILFI MARDIANI','SMKJ08','KLS015','P'),(616,'1130539','SIS AULIA','SMKJ08','KLS015','L'),(617,'1130547','SITI NURJANAH','SMKJ08','KLS015','P'),(618,'1130556','SRI RAHAYU','SMKJ08','KLS015','P'),(619,'1130564','SUGANDI PIYATYA','SMKJ08','KLS015','L'),(620,'1130570','SUSILAWATY','SMKJ08','KLS015','P'),(621,'1130572','SYIFA FAUZIA SITI ALAWIYAH','SMKJ08','KLS015','P'),(622,'1130578','TIARA AGUSTIN','SMKJ08','KLS015','P'),(623,'1130594','ULFA NURAFTIANI','SMKJ08','KLS015','P'),(624,'1130598','VINA LESMANA PUTRI','SMKJ08','KLS015','P'),(625,'1130607','WETI PERA','SMKJ08','KLS015','P'),(626,'1130614','WIDIAWATI','SMKJ08','KLS015','P'),(627,'1130627','YANTI ROSMIANTI','SMKJ08','KLS015','P'),(628,'11222471','ALDI MULYONO','SMKJ01','KLS016','L'),(629,'11222473','ALVI CHOLIFAH ROSSY','SMKJ01','KLS016','P'),(630,'11222496','ARIA RIZKY NUGRAHA','SMKJ01','KLS016','L'),(631,'11222498','ARISNA','SMKJ01','KLS016','P'),(632,'11222500','ASEP FIRMAN','SMKJ01','KLS016','L'),(633,'11222591','DINI IHSARANI','SMKJ01','KLS016','P'),(634,'11222598','EDI KURNIAWAN','SMKJ01','KLS016','L'),(635,'11222607','ELI AGUSTINA','SMKJ01','KLS016','P'),(636,'11222628','FINA KARIMAH','SMKJ01','KLS016','P'),(637,'11222631','FITRAH NUR SYABANI','SMKJ01','KLS016','L'),(638,'11222638','GAGAN PERMANA SIDIQ','SMKJ01','KLS016','L'),(639,'11222646','GUMILAR','SMKJ01','KLS016','L'),(640,'11222648','HAIVA SRI AVIATIN','SMKJ01','KLS016','P'),(641,'11222658','HELLEN NURDIANA','SMKJ01','KLS016','P'),(642,'11222662','HERLAN SEPTA PURNAWAN','SMKJ01','KLS016','L'),(643,'11222674','ILHAM RUCHYAT','SMKJ01','KLS016','L'),(644,'11222692','ISMAIL NUR','SMKJ01','KLS016','L'),(645,'11222696','JALALUDIN RACHMAT','SMKJ01','KLS016','L'),(646,'11222741','MIFTAHUL JANNAH','SMKJ01','KLS016','P'),(647,'11222751','MUHAMAD RIFALDI SURYANA','SMKJ01','KLS016','L'),(648,'11222764','NADIA KHRISNA ASTUTI','SMKJ01','KLS016','P'),(649,'11222765','NADYA ANNISTYA AISY','SMKJ01','KLS016','P'),(650,'11222770','NENDEN YETI TRIANI','SMKJ01','KLS016','P'),(651,'11222788','NOPI INTAN INDAH SARI','SMKJ01','KLS016','P'),(652,'11222841','Rd. NURANISA HANIFAH','SMKJ01','KLS016','P'),(653,'11222809','NURLELA','SMKJ01','KLS016','P'),(654,'11222849','RENI SITI MARYAM','SMKJ01','KLS016','P'),(655,'11222855','RIAN ANDRIANSYAH','SMKJ01','KLS016','L'),(656,'11222867','RIKA NURHAYATI','SMKJ01','KLS016','P'),(657,'11222882','RIZAL FIRDAUS','SMKJ01','KLS016','L'),(658,'11222883','RIZKA SARIANSYAH NUR AHMAD','SMKJ01','KLS016','P'),(659,'11222892','SAEFUL FAJAR','SMKJ01','KLS016','L'),(660,'11222896','SAM ARDI KOMARA','SMKJ01','KLS016','L'),(661,'11222898','SANTI AGUSTINA','SMKJ01','KLS016','P'),(662,'11222908','SEPTIAN AHMAD FATURROHMAN','SMKJ01','KLS016','L'),(663,'11222933','SRI AJENG PANGESTU','SMKJ01','KLS016','P'),(664,'11222948','SUENAWATI','SMKJ01','KLS016','P'),(665,'11222985','UTAMI APKAN','SMKJ01','KLS016','P'),(666,'11222986','UU NURMALASARI','SMKJ01','KLS016','P'),(667,'11222991','VIVI WULANSARI','SMKJ01','KLS016','P'),(668,'11223019','YULIA ELAIAWATI','SMKJ01','KLS016','P'),(669,'11222449','ABDUL ROJAK','SMKJ02','KLS017','L'),(670,'11222457','AGUNG NUGRAHA','SMKJ02','KLS017','L'),(671,'11222469','AJI SOPIAN','SMKJ02','KLS017','L'),(672,'11222483','ANDRI FEBRIANA VALENTINO','SMKJ02','KLS017','L'),(673,'11222497','ARIFIN ARIYANTO','SMKJ02','KLS017','L'),(674,'11222502','ASEP SUHERLAN','SMKJ02','KLS017','L'),(675,'11222513','AZHAR MAULANA','SMKJ02','KLS017','L'),(676,'11222516','BAMBANG ANTENO PAMUNGKAS','SMKJ02','KLS017','L'),(677,'11222522','CANDRI PUJIANTO','SMKJ02','KLS017','L'),(678,'11222543','DANI SULISTIO WIBOWO','SMKJ02','KLS017','L'),(679,'11222557','DENDI ONGKA PUTRA','SMKJ02','KLS017','L'),(680,'11222584','DIDIN SAEFUDIN','SMKJ02','KLS017','L'),(681,'11222593','DIO RAMDHAN','SMKJ02','KLS017','L'),(682,'11222601','EGI HERNANDI','SMKJ02','KLS017','L'),(683,'11222608','ELI ELIMAN','SMKJ02','KLS017','L'),(684,'11222625','FAUZUL RIZKI RAMADHAN','SMKJ02','KLS017','L'),(685,'11222650','HANDA GHOFUR','SMKJ02','KLS017','L'),(686,'11222660','HENDRA ANDRIANA','SMKJ02','KLS017','L'),(687,'11222698','JOVAN ANGGRIANTO','SMKJ02','KLS017','L'),(688,'11222714','LUQMAN RABBANI','SMKJ02','KLS017','L'),(689,'11222722','MAHDA ALFA REZA','SMKJ02','KLS017','L'),(690,'11222747','MOHAMAD RIDWAN','SMKJ02','KLS017','L'),(691,'11222749','MUHAMAD HORI','SMKJ02','KLS017','L'),(692,'11222767','NANDA RONIKA','SMKJ02','KLS017','L'),(693,'11222813','OGGIH LUGITO','SMKJ02','KLS017','L'),(694,'11222840','RD. A. ANGGA PERMANA','SMKJ02','KLS017','L'),(695,'11222847','RENALDY JANUAR MAHARDHIKA','SMKJ02','KLS017','L'),(696,'11222858','RICKY MEIDIANSYAH','SMKJ02','KLS017','L'),(697,'11222885','RIZKY PRATAMA SAPUTRA','SMKJ02','KLS017','L'),(698,'11222950','SURYA SUKARJA','SMKJ02','KLS017','L'),(699,'11223013','YOGA SETIA WIBOWO','SMKJ02','KLS017','L'),(700,'11223015','YUDA AJI PRATAMA','SMKJ02','KLS017','L'),(701,'11223027','ZAINI INDRAPRIATNA','SMKJ02','KLS017','L'),(702,'11222455','AGUNG ABDULLAH AZHARI','SMKJ02','KLS018','L'),(703,'11222463','AHMAD HIDAYAT','SMKJ02','KLS018','L'),(704,'11222482','ANDRI JOVANKA','SMKJ02','KLS018','L'),(705,'11222501','ASEP JUNAEDI','SMKJ02','KLS018','L'),(706,'11222512','AZET SUPRIADI SANDRA','SMKJ02','KLS018','L'),(707,'11222515','BAGUS FAJAR MULYANTO','SMKJ02','KLS018','L'),(708,'11222517','BAMBANG BAGUS SUDIBYO SUGIANTO','SMKJ02','KLS018','L'),(709,'11222541','DADAN LESMANA','SMKJ02','KLS018','L'),(710,'11222553','DEDE SAEFULLOH','SMKJ02','KLS018','L'),(711,'11222559','DERA ROIZ','SMKJ02','KLS018','L'),(712,'11222586','DIKY MAULANA','SMKJ02','KLS018','L'),(713,'11222597','EDI','SMKJ02','KLS018','L'),(714,'11222606','EKY WAHYUDI','SMKJ02','KLS018','L'),(715,'11222623','FAJAR HAMZA MUNIR','SMKJ02','KLS018','L'),(716,'11222643','GILANG VIRGIAWAN LI','SMKJ02','KLS018','L'),(717,'11222655','HARIST FADLILLAH HAMMAMI','SMKJ02','KLS018','L'),(718,'11222677','INDRA NOVIANA','SMKJ02','KLS018','L'),(719,'11222712','LUCKY SAPUTRA','SMKJ02','KLS018','L'),(720,'11222718','M. APIP SUBARKAH','SMKJ02','KLS018','L'),(721,'11222728','MAULANA SOLEH','SMKJ02','KLS018','L'),(722,'11222748','MUHAMAD AGFI RIZKI','SMKJ02','KLS018','L'),(723,'11222760','MUHAMMAD YUSUP','SMKJ02','KLS018','L'),(724,'11222771','NENDI HENDRIANA','SMKJ02','KLS018','L'),(725,'11222832','RAMDHONI','SMKJ02','KLS018','L'),(726,'11222843','REGIE ANANTA','SMKJ02','KLS018','L'),(727,'11222848','RENDI IRPANI','SMKJ02','KLS018','L'),(728,'11222879','RIVAL MUHAMAD SUHARA','SMKJ02','KLS018','L'),(729,'11222887','ROBBY ADHILNI LUKMAN','SMKJ02','KLS018','L'),(730,'11223010','YADI SURYADI','SMKJ02','KLS018','L'),(731,'11223014','YOPI MAULANA','SMKJ02','KLS018','L'),(732,'11223026','YUSUF ARYA MUKTI','SMKJ02','KLS018','L'),(733,'11222450','ADE MULYANA','SMKJ03','KLS019','L'),(734,'11222456','AGUNG BUDI PANGESTU','SMKJ03','KLS019','L'),(735,'11222461','AHMAD DIEVAL RUINALDO','SMKJ03','KLS019','L'),(736,'11222472','ALGITA PUTRI ARDHIYANTI','SMKJ03','KLS019','P'),(737,'11222479','ANDI SETIYADI','SMKJ03','KLS019','L'),(738,'11222485','ANGGA ACHMAD SYAMSYAHRIDAN','SMKJ03','KLS019','L'),(739,'11222523','CARSONO','SMKJ03','KLS019','L'),(740,'11222542','DADAN NOPIAN','SMKJ03','KLS019','L'),(741,'11222570','DEWI YULIANTI','SMKJ03','KLS019','P'),(742,'11222576','DIAN DIAWAN','SMKJ03','KLS019','L'),(743,'11222582','DIDA NURSELAWATI','SMKJ03','KLS019','P'),(744,'11222602','EGI NUGRAHA','SMKJ03','KLS019','L'),(745,'11222630','FIRDAN NUGRAHA','SMKJ03','KLS019','L'),(746,'11222641','GILANG MUHAMMAD RIZKY','SMKJ03','KLS019','L'),(747,'11222647','GUSTI RACHBINI','SMKJ03','KLS019','L'),(748,'11222673','ILHAM NURDIANSYAH','SMKJ03','KLS019','L'),(749,'11222693','ISPI RUPUDAROJAH','SMKJ03','KLS019','P'),(750,'11222716','LUSI ROSILAWATI','SMKJ03','KLS019','P'),(751,'11222725','MARWAN ALI SANUSI','SMKJ03','KLS019','L'),(752,'11222744','MIRA RATNA ANGGRAENI','SMKJ03','KLS019','P'),(753,'11222750','MUHAMAD RIDZAL','SMKJ03','KLS019','L'),(754,'11222758','MUHAMMAD GULAM AL KAHFI','SMKJ03','KLS019','L'),(755,'11222768','NASA SUTISNA','SMKJ03','KLS019','L'),(756,'11222782','NIRMA NURMALIA','SMKJ03','KLS019','P'),(757,'11222810','NURUL MULYANI','SMKJ03','KLS019','P'),(758,'11222822','PUTRA KRAKSAAN ALAM','SMKJ03','KLS019','L'),(759,'11222863','RIFALDI FADILAH BUSTOMI','SMKJ03','KLS019','L'),(760,'11222881','RIZAL ALFIKRI MUHAMAD GHOFAR','SMKJ03','KLS019','L'),(761,'11222888','RONNY RIYANA ALIF GANI','SMKJ03','KLS019','L'),(762,'11222899','SANTI OCKTAVIANI','SMKJ03','KLS019','P'),(763,'11222902','SATRIA DANANJAYA','SMKJ03','KLS019','L'),(764,'11222911','SETIAWAN DODIK','SMKJ03','KLS019','L'),(765,'11222928','SITI ANISA','SMKJ03','KLS019','P'),(766,'11222954','SYAEFUL ROCHMAN','SMKJ03','KLS019','L'),(767,'11222962','TAUFIK DZIKRI PANGESTU','SMKJ03','KLS019','L'),(768,'11222964','TEDDY KOERNIADI','SMKJ03','KLS019','L'),(769,'11222982','UJANG EKI FITRIYANA','SMKJ03','KLS019','L'),(770,'11223001','WILLY DIAN PURBA','SMKJ03','KLS019','L'),(771,'11223016','YUDI PANGESTU','SMKJ03','KLS019','L'),(772,'11223023','YULIAWATI','SMKJ03','KLS019','P'),(773,'11222451','ADHIYA RESTU PUTRA','SMKJ03','KLS020','L'),(774,'11222458','AGUNG SUKMA NUGRAHA','SMKJ03','KLS020','L'),(775,'11222464','AHMAD MAULANA KOMARUDIN','SMKJ03','KLS020','L'),(776,'11222477','AMELIA FITRI','SMKJ03','KLS020','P'),(777,'11222484','ANDRIS MULYANA','SMKJ03','KLS020','L'),(778,'11222518','BIMA DWI PRAMUJI','SMKJ03','KLS020','L'),(779,'11222539','CYNDY RIZKYMETA ARYSANDY','SMKJ03','KLS020','P'),(780,'11222558','DENI KURNIAWAN','SMKJ03','KLS020','L'),(781,'11222571','DHEA RAGIL SYAHRIZAL','SMKJ03','KLS020','L'),(782,'11222578','DIAN RAMADHAN','SMKJ03','KLS020','L'),(783,'11222594','DONY MAULANA YUSUF RIFAI','SMKJ03','KLS020','L'),(784,'11222629','FIRDA SALSABILA','SMKJ03','KLS020','P'),(785,'11222633','FITRI INDRIYANI','SMKJ03','KLS020','P'),(786,'11222642','GILANG TRI UTOMO','SMKJ03','KLS020','L'),(787,'11222663','HILMAN SEPTIAN','SMKJ03','KLS020','L'),(788,'11222675','IMA MARYAM','SMKJ03','KLS020','P'),(789,'11222715','LUSI AGSRINA LESTARI','SMKJ03','KLS020','P'),(790,'11222720','M. SALSABIL','SMKJ03','KLS020','L'),(791,'11222736','MH VARGA FRYWENDA','SMKJ03','KLS020','L'),(792,'11222746','MOCH. AZI HENDRIANSYAH','SMKJ03','KLS020','L'),(793,'11222757','MUHAMMAD AKMIL NURJABBAR','SMKJ03','KLS020','L'),(794,'11222759','MUHAMMAD RIELANDI MARTADENIA','SMKJ03','KLS020','L'),(795,'11222769','NAUFAL AGASI MAULANA','SMKJ03','KLS020','L'),(796,'11222802','NURAENI','SMKJ03','KLS020','P'),(797,'11222815','PANDU BAGASKARA','SMKJ03','KLS020','L'),(798,'11222829','RAFI NUR HIKMAH','SMKJ03','KLS020','L'),(799,'11222875','RIO RISWANTO PEBRIAN','SMKJ03','KLS020','L'),(800,'11222884','RIZKY ERAMDAN','SMKJ03','KLS020','L'),(801,'11222895','SALMA RODIYATAMMARDIYAH','SMKJ03','KLS020','P'),(802,'11222900','SARI PERTIWI','SMKJ03','KLS020','P'),(803,'11222907','SEPTIA EKA ANGGUN YUSNIA','SMKJ03','KLS020','P'),(804,'11222915','SHAWILA NOLANDA DL','SMKJ03','KLS020','P'),(805,'11222951','SUSAN NURHAYATI','SMKJ03','KLS020','P'),(806,'11222956','SYAHRUL AKBAR ISMATULLAH','SMKJ03','KLS020','L'),(807,'11222963','TAUFIQ ABDURRACHMAN','SMKJ03','KLS020','L'),(808,'11222972','TIO HANAFIANDI','SMKJ03','KLS020','L'),(809,'11223000','WILDAN ILHAM FIRMANSYAH','SMKJ03','KLS020','L'),(810,'11223012','YEYEP PATAHILAH','SMKJ03','KLS020','L'),(811,'11223018','YULI YANTI','SMKJ03','KLS020','P'),(812,'11223024','YULIDA ANISSA FELISTYA','SMKJ03','KLS020','P'),(813,'11222447','AABUL DARAJAT','SMKJ05','KLS021','L'),(814,'11222454','AGNI YULIANA NOVIANTI','SMKJ05','KLS021','P'),(815,'11222467','AIDA PERMATASARI','SMKJ05','KLS021','P'),(816,'11222486','ANGGER DHIMAS ANGGORO','SMKJ05','KLS021','L'),(817,'11222490','ANI SUMARNI','SMKJ05','KLS021','P'),(818,'11222503','ASRUL SAEPUL MALIK','SMKJ05','KLS021','L'),(819,'11222520','CAHYATI','SMKJ05','KLS021','P'),(820,'11222530','CICI APRIANI','SMKJ05','KLS021','P'),(821,'11222536','CITRA SETIAWATI','SMKJ05','KLS021','P'),(822,'11222583','DIDA TRIYANA','SMKJ05','KLS021','L'),(823,'11222595','DWI NUR MAULUDI RACHMAN','SMKJ05','KLS021','P'),(824,'11222615','ERNA SILVIANI','SMKJ05','KLS021','P'),(825,'11222618','EULIS FITRIANI','SMKJ05','KLS021','P'),(826,'11222644','GILDHA PASHA DANISA','SMKJ05','KLS021','P'),(827,'11222657','HAYATUL FITRIYAH','SMKJ05','KLS021','P'),(828,'11222661','HENI ANISAH','SMKJ05','KLS021','P'),(829,'11222670','IKBAL AL ANSHORI','SMKJ05','KLS021','L'),(830,'11222695','IWAN SETIAWAN','SMKJ05','KLS021','L'),(831,'11222704','KURNIA WATI','SMKJ05','KLS021','P'),(832,'11222708','LINA KARLINA','SMKJ05','KLS021','P'),(833,'11222713','LUPI AGUNG SURAHMAN','SMKJ05','KLS021','L'),(834,'11222737','MIA APRIANTI','SMKJ05','KLS021','P'),(835,'11222739','MIA NUR SAFITRI','SMKJ05','KLS021','P'),(836,'11222777','NIAR KARTINI','SMKJ05','KLS021','P'),(837,'11222780','NINA ROSINA','SMKJ05','KLS021','P'),(838,'11222804','NURFAUZIAH LESTARI','SMKJ05','KLS021','P'),(839,'11222818','PUJA PUJI ASTUTI','SMKJ05','KLS021','P'),(840,'11222823','PUTRI AZIZAH FATHUL-HAQ','SMKJ05','KLS021','P'),(841,'11222836','RANI UMIL MUMINAT','SMKJ05','KLS021','P'),(842,'11222851','RESTU GINANJAR','SMKJ05','KLS021','L'),(843,'11222856','RIANDI PRATAMA PUTRA','SMKJ05','KLS021','L'),(844,'11222865','RIFDAH ZURAIDAH','SMKJ05','KLS021','P'),(845,'11222869','RIMA LATHIFAH','SMKJ05','KLS021','P'),(846,'11222904','SELLY OKTAPYANI','SMKJ05','KLS021','P'),(847,'11222916','SHELLA APRILA AMBAR','SMKJ05','KLS021','P'),(848,'11222921','SILVIA RETNO','SMKJ05','KLS021','P'),(849,'11222931','SITI MARIAM','SMKJ05','KLS021','P'),(850,'11222936','SRI HARTATI','SMKJ05','KLS021','P'),(851,'11222940','SRI MULYANI','SMKJ05','KLS021','P'),(852,'11222957','SYAHRUL ALIF NUGROHO','SMKJ05','KLS021','L'),(853,'11222975','TOPAN','SMKJ05','KLS021','L'),(854,'11222980','TUTI RATNASARI','SMKJ05','KLS021','P'),(855,'11222992','WAFA ZAKIAH DARAJAT','SMKJ05','KLS021','P'),(856,'11223002','WINA RISMAWATI','SMKJ05','KLS021','P'),(857,'11222448','AAM AMALIAH','SMKJ05','KLS022','P'),(858,'11222459','AGUS SUPRIYADI','SMKJ05','KLS022','L'),(859,'11222468','AINI HAFSAH JUNISAFRI TAQIYYANNISA','SMKJ05','KLS022','P'),(860,'11222487','ANGGI GUSTINA DINDA SUPRIANTO','SMKJ05','KLS022','P'),(861,'11222491','ANIDA OCTAVIAN LIKAR','SMKJ05','KLS022','P'),(862,'11222508','ATNI NUR ANGGRAENI','SMKJ05','KLS022','P'),(863,'11222525','CECEP INDRA','SMKJ05','KLS022','L'),(864,'11222531','CICI CAHYANI','SMKJ05','KLS022','P'),(865,'11222577','DIAN OMAYA','SMKJ05','KLS022','P'),(866,'11222585','DIKARA ROSA DEWI','SMKJ05','KLS022','P'),(867,'11222613','EPIT PERMATASARI','SMKJ05','KLS022','P'),(868,'11222616','ESSA AZZAHRA','SMKJ05','KLS022','P'),(869,'11222636','FITRIANI RENYAAN','SMKJ05','KLS022','P'),(870,'11222656','HASTRI FAUZIAH NOOR','SMKJ05','KLS022','P'),(871,'11222659','HELMI SEPTIANI','SMKJ05','KLS022','P'),(872,'11222668','IKA KARTIKA','SMKJ05','KLS022','P'),(873,'11222690','IRNA HARDIANA','SMKJ05','KLS022','P'),(874,'11222703','KRISTIN YESSI HERDIANTI','SMKJ05','KLS022','P'),(875,'11222705','LARAS SANTI RAFENDI','SMKJ05','KLS022','P'),(876,'11222709','LINA MARYANA','SMKJ05','KLS022','P'),(877,'11222735','MESY MEISYAROH','SMKJ05','KLS022','P'),(878,'11222738','MIA FITRIA','SMKJ05','KLS022','P'),(879,'11222743','MIRA RAMDANI','SMKJ05','KLS022','P'),(880,'11222778','NILAM SARI','SMKJ05','KLS022','P'),(881,'11222800','NUNUNG SITI NURJANAH','SMKJ05','KLS022','P'),(882,'11222816','PENA ROSTIKA','SMKJ05','KLS022','P'),(883,'11222821','PUTERI AMELIA','SMKJ05','KLS022','P'),(884,'11222828','RADEN NURFAJRIAH HIDAYAT','SMKJ05','KLS022','P'),(885,'11222845','REKSA RENALDI','SMKJ05','KLS022','L'),(886,'11222852','REVAN RAMIZ ALIA','SMKJ05','KLS022','L'),(887,'11222864','RIFANI FITRIA ANGGIANI','SMKJ05','KLS022','P'),(888,'11222868','RIKO RIZA MAULANA','SMKJ05','KLS022','L'),(889,'11222912','SHABEENA KUSUMA WARDHANI DAMANIK','SMKJ05','KLS022','L'),(890,'11222919','SILVI AUDIAN','SMKJ05','KLS022','P'),(891,'11222927','SITI AMANAH','SMKJ05','KLS022','P'),(892,'11222932','SITI NURHASANAH','SMKJ05','KLS022','P'),(893,'11222938','SRI LESTARI MAULIDINI','SMKJ05','KLS022','P'),(894,'11222947','STEPHANIE ANASTASIA SANJAYA','SMKJ05','KLS022','P'),(895,'11222966','TIA AGUNG SANTIKA','SMKJ05','KLS022','L'),(896,'11222977','TRI WIDIASTUTI','SMKJ05','KLS022','P'),(897,'11222988','UUP MARUPUL AQLI','SMKJ05','KLS022','L'),(898,'11222994','WIDA ASTUTI','SMKJ05','KLS022','P'),(899,'12131029','SARAH SITI ANISAH','SMKJ05','KLS022','P'),(900,'11222475','ALYA RAHMA PUTRI','SMKJ06','KLS023','P'),(901,'11222492','ANISA PARAS HAFIJAH','SMKJ06','KLS023','P'),(902,'11222505','ASTRI JUWANTI','SMKJ06','KLS023','P'),(903,'11222528','CHICHA TRESNAWATI','SMKJ06','KLS023','P'),(904,'11222537','CUCU NUR PUJIANTI','SMKJ06','KLS023','P'),(905,'11222567','DEVI MUNGGARA SARI','SMKJ06','KLS023','P'),(906,'11222574','DIAH UTARI','SMKJ06','KLS023','P'),(907,'11222603','EKA NISA RIZKY NURJANAH','SMKJ06','KLS023','P'),(908,'11222611','ELIS KARNELIS','SMKJ06','KLS023','P'),(909,'11222627','FENI JULIA','SMKJ06','KLS023','P'),(910,'11222635','FITRIA JUNIAR HARDIAN','SMKJ06','KLS023','P'),(911,'11222652','HANNA FAIRRUZIA','SMKJ06','KLS023','P'),(912,'11222666','ICHA SITI AMINAH','SMKJ06','KLS023','P'),(913,'11222676','IMAS RAHMASARI','SMKJ06','KLS023','P'),(914,'11222679','INTAN KARTIKA','SMKJ06','KLS023','P'),(915,'11222710','LISNA LISDIANTI','SMKJ06','KLS023','P'),(916,'11222742','MIRA FEBRIANI','SMKJ06','KLS023','P'),(917,'11222775','NENI ASTUTI','SMKJ06','KLS023','P'),(918,'11222783','NISA NURLAELA','SMKJ06','KLS023','P'),(919,'11222784','NITA DESYA','SMKJ06','KLS023','P'),(920,'11222790','NOVA YULIYANTI','SMKJ06','KLS023','P'),(921,'11222811','NURVIYANI','SMKJ06','KLS023','P'),(922,'11222820','PUSPA FITRIANA HAWA','SMKJ06','KLS023','P'),(923,'11222837','RANIA RANTY PRATIWI','SMKJ06','KLS023','P'),(924,'11222850','RESA NURLIPAH','SMKJ06','KLS023','P'),(925,'11222871','RINA KURNIASIH','SMKJ06','KLS023','P'),(926,'11222876','RISA KHOERIAH','SMKJ06','KLS023','P'),(927,'11222889','ROSI','SMKJ06','KLS023','P'),(928,'11222894','SALENA AYU FIRMANI','SMKJ06','KLS023','P'),(929,'11222918','SILPIA SOPIANTI','SMKJ06','KLS023','P'),(930,'11222923','SINTA HANISA','SMKJ06','KLS023','P'),(931,'11222937','SRI HARYATI','SMKJ06','KLS023','P'),(932,'11222952','SUSAN RATNANINGRUM','SMKJ06','KLS023','P'),(933,'11222967','TIA FITRIA','SMKJ06','KLS023','P'),(934,'11222978','TRIA NANDA GIANA','SMKJ06','KLS023','P'),(935,'11222993','WATI SUSILAWATI','SMKJ06','KLS023','P'),(936,'11222998','WIDYA KARTIKA','SMKJ06','KLS023','P'),(937,'11223003','WINDA FITRIYANI','SMKJ06','KLS023','P'),(938,'11223007','WULAN SUCI FEBRIANI','SMKJ06','KLS023','P'),(939,'11222465','AHWA SYIPA','SMKJ06','KLS024','L'),(940,'11222466','AI SUMYATI','SMKJ06','KLS024','P'),(941,'11222480','ANDINE DIANA ROCHMAWATY','SMKJ06','KLS024','P'),(942,'11222493','ANISHA NUR FAUZIAH','SMKJ06','KLS024','P'),(943,'11222519','BIYAN MEDIYANI','SMKJ06','KLS024','P'),(944,'11222533','CICI NURHASANAH','SMKJ06','KLS024','P'),(945,'11222548','DEA YULIA','SMKJ06','KLS024','P'),(946,'11222568','DEVY PUTRI YUNIAR','SMKJ06','KLS024','P'),(947,'11222592','DINI YUSTIANTIKA','SMKJ06','KLS024','P'),(948,'11222609','ELIN APRIANI','SMKJ06','KLS024','P'),(949,'11222614','ERIKA JUWITA SARI','SMKJ06','KLS024','P'),(950,'11222632','FITRI HANDAYANI','SMKJ06','KLS024','P'),(951,'11222637','FUJIANA LESTARI','SMKJ06','KLS024','P'),(952,'11222653','HANNY MARDIANI','SMKJ06','KLS024','P'),(953,'11222667','IDA ROSIDA','SMKJ06','KLS024','P'),(954,'11222678','INTAN AYU WIDIASTARI','SMKJ06','KLS024','P'),(955,'11222701','KANIA NURLAELA','SMKJ06','KLS024','P'),(956,'11222711','LOLA MAULAYASA','SMKJ06','KLS024','P'),(957,'11222731','MEGA IKA MARYONA','SMKJ06','KLS024','P'),(958,'11222754','MUHAMAD RIZKY NUGRAHA','SMKJ06','KLS024','L'),(959,'11222779','NIMAS AYU APRILIA','SMKJ06','KLS024','P'),(960,'11222791','NOVI MARDIANTI','SMKJ06','KLS024','P'),(961,'11222796','NOVYANA ABDU ROZAK','SMKJ06','KLS024','L'),(962,'11222798','NUNUNG NURHALIZA','SMKJ06','KLS024','P'),(963,'11222812','OCA ASOKAWATI','SMKJ06','KLS024','P'),(964,'11222824','PUTRI INDRIANI','SMKJ06','KLS024','P'),(965,'11222844','REGINA NURAMADHANI','SMKJ06','KLS024','P'),(966,'11222872','RINA NURMALASARI','SMKJ06','KLS024','P'),(967,'11222877','RISKA VIVI KHOFIFAH','SMKJ06','KLS024','P'),(968,'11222890','ROSILAWATI','SMKJ06','KLS024','P'),(969,'11222910','SERLI RAHAYU','SMKJ06','KLS024','P'),(970,'11222920','SILVIA INDRIANI','SMKJ06','KLS024','P'),(971,'11222930','SITI KURNIASIH','SMKJ06','KLS024','P'),(972,'11222939','SRI MAESAROH','SMKJ06','KLS024','P'),(973,'11222955','SYAFIRA AINURROFIQI','SMKJ06','KLS024','P'),(974,'11222971','TINA SEPTIANI','SMKJ06','KLS024','P'),(975,'11222981','UCI ANDREYANI','SMKJ06','KLS024','P'),(976,'11222996','WIDIA PURNAWIANTI','SMKJ06','KLS024','P'),(977,'11223008','WULAN YUNITASARI','SMKJ06','KLS024','P'),(978,'11222474','ALVINA DAHLIANIE','SMKJ06','KLS025','P'),(979,'11222494','ANNA AMALIA OKTAVIANA','SMKJ06','KLS025','P'),(980,'11222521','CAMELIA','SMKJ06','KLS025','P'),(981,'11222534','CIMAH RIANTI','SMKJ06','KLS025','P'),(982,'11222550','DEDE BETI NURHASANAH','SMKJ06','KLS025','P'),(983,'11222573','DIAH ROSMAWINATA PUTRI','SMKJ06','KLS025','P'),(984,'11222600','EFRIANI NUR HASANAH','SMKJ06','KLS025','P'),(985,'11222610','ELIN HERLINA','SMKJ06','KLS025','P'),(986,'11222617','ETI NURSAMSIYAH','SMKJ06','KLS025','P'),(987,'11222634','FITRI SRI LESTARI','SMKJ06','KLS025','P'),(988,'11222640','GIFFARY NURSYAH PUTRI','SMKJ06','KLS025','P'),(989,'11222654','HANNY NORTANZIAN','SMKJ06','KLS025','P'),(990,'11222669','IKA MUSTIKA RATU','SMKJ06','KLS025','P'),(991,'11222681','INTAN NURAENI','SMKJ06','KLS025','P'),(992,'11222702','KARSIH SULASTRI','SMKJ06','KLS025','P'),(993,'11222723','MALASARI','SMKJ06','KLS025','P'),(994,'11222733','MELLYA NURMALASARI','SMKJ06','KLS025','P'),(995,'11222761','MUTIA MACHBUBAH','SMKJ06','KLS025','P'),(996,'11222781','NINGRUM LESTARI','SMKJ06','KLS025','P'),(997,'11222785','NITA FATMAWATI','SMKJ06','KLS025','P'),(998,'11222794','NOVIANTI ISMIRAZ ISMANIAR','SMKJ06','KLS025','P'),(999,'11222803','NURAISYAH IRANA DEWI','SMKJ06','KLS025','P'),(1000,'11222814','OPI HARTATI','SMKJ06','KLS025','P'),(1001,'11222834','RANI NUR PRATIWI','SMKJ06','KLS025','P'),(1002,'11222846','RENA AMELIA','SMKJ06','KLS025','P'),(1003,'11222854','RIA PRANSISKA','SMKJ06','KLS025','P'),(1004,'11222870','RINA AMELIA','SMKJ06','KLS025','P'),(1005,'11222873','RINA RISDIANA','SMKJ06','KLS025','P'),(1006,'11222878','RISNA MUGIAWATI','SMKJ06','KLS025','P'),(1007,'11222891','ROSTIKA','SMKJ06','KLS025','P'),(1008,'11222914','SHARAZAIBA AVRELLA','SMKJ06','KLS025','P'),(1009,'11222922','SILVIANI SUSANTI','SMKJ06','KLS025','P'),(1010,'11222934','SRI DEPITASARI','SMKJ06','KLS025','P'),(1011,'11222943','SRI PITRIYANI','SMKJ06','KLS025','P'),(1012,'11222959','SYIFA FAUZIAH','SMKJ06','KLS025','P'),(1013,'11222976','TRI HIBAH UTAMI','SMKJ06','KLS025','P'),(1014,'11222987','UUN KUNENGSIH','SMKJ06','KLS025','P'),(1015,'11222997','WIDIA ROSMAYANTI','SMKJ06','KLS025','P'),(1016,'11223005','WIWI WIDIAWATI','SMKJ06','KLS025','P'),(1017,'11223011','YANTI DESIYANI','SMKJ06','KLS025','P'),(1018,'11223017','YULI APRILIANI','SMKJ06','KLS025','P'),(1019,'11223021','YULIA YULISTIYANA DEWI','SMKJ06','KLS025','P'),(1020,'11223025','YUNIA YULIATI','SMKJ06','KLS025','P'),(1021,'11222452','ADI LESMANA','SMKJ07','KLS026','L'),(1022,'11222470','AJI WILDAN PRASETYO','SMKJ07','KLS026','L'),(1023,'11222499','ARYANA SUKENDAR','SMKJ07','KLS026','L'),(1024,'11222509','AULIA SRI UTAMI','SMKJ07','KLS026','P'),(1025,'11222526','CECEP KURNIAWAN','SMKJ07','KLS026','L'),(1026,'11222538','CUT AZRINA FAUZIAH RANI','SMKJ07','KLS026','P'),(1027,'11222546','DEA SARTIKA MENTARI','SMKJ07','KLS026','P'),(1028,'11222554','DEDEH','SMKJ07','KLS026','P'),(1029,'11222566','DEVI GENESIS','SMKJ07','KLS026','P'),(1030,'11222580','DICKY RAMADHAN DWIYANTO','SMKJ07','KLS026','L'),(1031,'11222589','DINDA RATNA','SMKJ07','KLS026','P'),(1032,'11222612','EPI APRIATININGSIH','SMKJ07','KLS026','P'),(1033,'11222624','FANNY YULIANTI PERTIWI','SMKJ07','KLS026','P'),(1034,'11222649','HANA ISTIQOMAH','SMKJ07','KLS026','P'),(1035,'11222683','INTAN REVIANA','SMKJ07','KLS026','P'),(1036,'11222687','IRA NURLATIFAH','SMKJ07','KLS026','P'),(1037,'11222694','ITA YUDHI FADHILAH','SMKJ07','KLS026','L'),(1038,'11222706','LENI MARLINA','SMKJ07','KLS026','P'),(1039,'11222724','MARLINA','SMKJ07','KLS026','P'),(1040,'11222732','MEGIA ANDINI','SMKJ07','KLS026','P'),(1041,'11222752','MUHAMAD RIFKY HANDIKA','SMKJ07','KLS026','L'),(1042,'11222763','NABILA ROSDIANA','SMKJ07','KLS026','P'),(1043,'11222776','NIA SITI ASIYAH','SMKJ07','KLS026','P'),(1044,'11222786','NITA MUTMAINAH','SMKJ07','KLS026','P'),(1045,'11222793','NOVIANI SHOFIA ANWAR','SMKJ07','KLS026','P'),(1046,'11222805','NURHAYATI','SMKJ07','KLS026','P'),(1047,'11222819','PUPUT RIMAYANTI','SMKJ07','KLS026','P'),(1048,'11222833','RANI APRILIANI HAIRUNISA','SMKJ07','KLS026','P'),(1049,'11222842','REDI GUNTARA','SMKJ07','KLS026','L'),(1050,'11222861','RIDWAN SUPRIYADI','SMKJ07','KLS026','L'),(1051,'11222880','RIYAN RIYANTO','SMKJ07','KLS026','L'),(1052,'11222905','SELLY ROFIKAH','SMKJ07','KLS026','P'),(1053,'11222924','SISKA AMELIA','SMKJ07','KLS026','P'),(1054,'11222941','SRI MULYANI','SMKJ07','KLS026','P'),(1055,'11222946','SRI WULANSARI','SMKJ07','KLS026','P'),(1056,'11222961','SYNTIA TRI HANDAYANI','SMKJ07','KLS026','P'),(1057,'11222970','TILAWATI WIDIYANI','SMKJ07','KLS026','P'),(1058,'11222983','ULFI NURALFIAH NASUTION','SMKJ07','KLS026','P'),(1059,'11223004','WITA ROSADI','SMKJ07','KLS026','P'),(1060,'11223028','ZIA HUSNUL LABIB','SMKJ07','KLS026','L'),(1061,'11222453','AGI SUBAGJA','SMKJ07','KLS027','L'),(1062,'11222476','AMBAR LESMANA','SMKJ07','KLS027','L'),(1063,'11222504','ASTI NURMALA','SMKJ07','KLS027','P'),(1064,'11222510','AYU UTAMI ANGGRAENI','SMKJ07','KLS027','P'),(1065,'11222527','CECEP SUNARTO','SMKJ07','KLS027','L'),(1066,'11222540','DADA BERLINDA','SMKJ07','KLS027','L'),(1067,'11222547','DEA SITI NURJANAH','SMKJ07','KLS027','P'),(1068,'11222555','DEDEN DARMAWAN','SMKJ07','KLS027','L'),(1069,'11222560','DERRY SETIAWAN','SMKJ07','KLS027','L'),(1070,'11222563','DETI IRIYANTI','SMKJ07','KLS027','P'),(1071,'11222569','DEWI YULIANTI','SMKJ07','KLS027','P'),(1072,'11222581','DICKY SILVA ALTO NURSIDIK','SMKJ07','KLS027','L'),(1073,'11222590','DINI AGUSTIN','SMKJ07','KLS027','P'),(1074,'11222619','EVA TRIE MEYLANIE','SMKJ07','KLS027','P'),(1075,'11222626','FEBY HERAWATI CASMITA','SMKJ07','KLS027','P'),(1076,'11222664','HULAN SARI','SMKJ07','KLS027','P'),(1077,'11222682','INTAN PERMATASARI','SMKJ07','KLS027','P'),(1078,'11222688','IRFAN NOVRIZAL','SMKJ07','KLS027','L'),(1079,'11222697','JAM JAM IRFAN NURHAKIM','SMKJ07','KLS027','L'),(1080,'11222707','LIA MULYANI','SMKJ07','KLS027','P'),(1081,'11222726','MAULANA','SMKJ07','KLS027','L'),(1082,'11222734','MERI SETIA PUTRI','SMKJ07','KLS027','P'),(1083,'11222753','MUHAMAD RIFQI ALFIAN','SMKJ07','KLS027','L'),(1084,'11222773','NENG ANGGI ANGGRAENI','SMKJ07','KLS027','P'),(1085,'11222787','NITA WIDIYANTI','SMKJ07','KLS027','P'),(1086,'11222795','NOVITA PRIHATINNI','SMKJ07','KLS027','P'),(1087,'11222806','NURHAYATI CITASARI','SMKJ07','KLS027','P'),(1088,'11222825','R. ANGGA ARDIANSYAH','SMKJ07','KLS027','L'),(1089,'11222835','RANI PIRDAYANTI','SMKJ07','KLS027','P'),(1090,'11222853','REZA KHOERUL AMIN','SMKJ07','KLS027','L'),(1091,'11222862','RIDWAN YOGIANSYAH','SMKJ07','KLS027','L'),(1092,'11222886','RIZQY NUR ANNISA FILLAH','SMKJ07','KLS027','P'),(1093,'11222906','SELSI TAHWIPAH','SMKJ07','KLS027','P'),(1094,'11222925','SISKA FEBRIANI WINDIASARI','SMKJ07','KLS027','P'),(1095,'11222942','SRI NANDA','SMKJ07','KLS027','P'),(1096,'11222949','SUJANA','SMKJ07','KLS027','L'),(1097,'11222965','TEGAR PRASETYA','SMKJ07','KLS027','L'),(1098,'11222973','TOIPAH','SMKJ07','KLS027','P'),(1099,'11222989','VIDI LIDIA SOVITA','SMKJ07','KLS027','P'),(1100,'11223022','YULIANTI','SMKJ07','KLS027','P'),(1101,'11222460','AHMAD ARYA NURFAIZI','SMKJ07','KLS028','L'),(1102,'11222478','AMRI LESMANA','SMKJ07','KLS028','L'),(1103,'11222506','ASTRI PEBRIANI','SMKJ07','KLS028','P'),(1104,'11222511','AZAN DESTIAN HENDRAWAN','SMKJ07','KLS028','L'),(1105,'11222529','CICA DEWI','SMKJ07','KLS028','P'),(1106,'11222544','DANU ADI PERMANA','SMKJ07','KLS028','L'),(1107,'11222549','DEAN ANDRIANSYAH','SMKJ07','KLS028','L'),(1108,'11222564','DEVANA ARTHA NALURI','SMKJ07','KLS028','P'),(1109,'11222572','DIAH HERMAYATI','SMKJ07','KLS028','P'),(1110,'11222587','DINA FAUZIAH','SMKJ07','KLS028','P'),(1111,'11222596','DWIKI RANGGA MUSTAQIM','SMKJ07','KLS028','L'),(1112,'11222621','FAHMI TURSINA','SMKJ07','KLS028','P'),(1113,'11222639','GERRY REYNALDI','SMKJ07','KLS028','L'),(1114,'11222671','IKHSAN FATHURROHMAN','SMKJ07','KLS028','L'),(1115,'11222680','INTAN KHAIRUNNISA','SMKJ07','KLS028','P'),(1116,'11222689','IRNA FAUZIAH','SMKJ07','KLS028','P'),(1117,'11222719','M. HANIF ALJAVIER','SMKJ07','KLS028','L'),(1118,'11222727','MAULANA IRFAN NAULIA','SMKJ07','KLS028','L'),(1119,'11222729','MAYA ROSIDA','SMKJ07','KLS028','P'),(1120,'11222740','MIFTAH NASRULLOH','SMKJ07','KLS028','L'),(1121,'11222756','MUHAMAD VAMI AGUSTIAN','SMKJ07','KLS028','L'),(1122,'11222774','NENG WIDA WIDYAWATI','SMKJ07','KLS028','P'),(1123,'11222789','NOPIYANTI','SMKJ07','KLS028','P'),(1124,'11222799','NUNUNG SITI MARYAM','SMKJ07','KLS028','P'),(1125,'11222827','R.GUSSUTUSSENDA HADIWIJAYA','SMKJ07','KLS028','L'),(1126,'11222838','RATNASARI','SMKJ07','KLS028','P'),(1127,'11222857','RICKY HERNAWAN','SMKJ07','KLS028','L'),(1128,'11222866','RIKA DEWI YULIATI','SMKJ07','KLS028','P'),(1129,'11222893','SAEPULOH','SMKJ07','KLS028','L'),(1130,'11222909','SEPTIAN PRATAMA','SMKJ07','KLS028','L'),(1131,'11222926','SISKA WIDARNIKA','SMKJ07','KLS028','P'),(1132,'11222944','SRI WULAN RAHAYU SANTOSO','SMKJ07','KLS028','P'),(1133,'11222953','SUSI ERNAWATI','SMKJ07','KLS028','P'),(1134,'11222968','TIKA KARTINI','SMKJ07','KLS028','P'),(1135,'11222974','TOMMY SOLIHAN','SMKJ07','KLS028','L'),(1136,'11222990','VINI ANISSA','SMKJ07','KLS028','P'),(1137,'11223020','YULIA HANDRIANI','SMKJ07','KLS028','P'),(1138,'11122237','RAMDHAN LUKMAN HAKIM','SMKJ07','KLS029','L'),(1139,'11222462','AHMAD EFENDI','SMKJ07','KLS029','L'),(1140,'11222481','ANDRI FAUZI','SMKJ07','KLS029','L'),(1141,'11222507','ATEP KAHARUDIN','SMKJ07','KLS029','L'),(1142,'11222514','BADIATUL FITRIAH','SMKJ07','KLS029','P'),(1143,'11222532','CICI CUMINATI','SMKJ07','KLS029','P'),(1144,'11222545','DEA ROHMATUL FADHIILAH NURZAIN','SMKJ07','KLS029','P'),(1145,'11222551','DEDE ISKANDAR','SMKJ07','KLS029','L'),(1146,'11222561','DESI FATMAWATI','SMKJ07','KLS029','P'),(1147,'11222565','DEVI DEVITASARI','SMKJ07','KLS029','P'),(1148,'11222579','DIANRANA','SMKJ07','KLS029','L'),(1149,'11222588','DINA LUSTIANA ERIKA','SMKJ07','KLS029','P'),(1150,'11222599','EDO YUSEF PRATAMA','SMKJ07','KLS029','L'),(1151,'11222622','FAJAR AGUS DARYANTO','SMKJ07','KLS029','L'),(1152,'11222645','GINA WIANDANI','SMKJ07','KLS029','P'),(1153,'11222672','IKSAN GINANJAR','SMKJ07','KLS029','L'),(1154,'11222685','IQBAL RIZKI FIRDAUS','SMKJ07','KLS029','L'),(1155,'11222691','IRNA HERLINA','SMKJ07','KLS029','P'),(1156,'11222700','JUNITA HERPIANI','SMKJ07','KLS029','P'),(1157,'11222721','M.KIKI NURYANTO','SMKJ07','KLS029','L'),(1158,'11222745','MOCH RIDWAN KURNIAWAN','SMKJ07','KLS029','L'),(1159,'11222762','N. IKA RAHMAH SANTIKA','SMKJ07','KLS029','P'),(1160,'11222792','NOVIA YUNA YULISTIANI','SMKJ07','KLS029','P'),(1161,'11222801','NUR ICE URNIASIH','SMKJ07','KLS029','P'),(1162,'11222808','NURI TATI ROHAETI','SMKJ07','KLS029','P'),(1163,'11222817','POPON KOMALASARI','SMKJ07','KLS029','P'),(1164,'11222830','RAHMAT HIDAYAT','SMKJ07','KLS029','L'),(1165,'11222839','RATNI WIDIYANI','SMKJ07','KLS029','P'),(1166,'11222860','RIDWAN SETIAWAN','SMKJ07','KLS029','L'),(1167,'11222874','RINI INDAH SARI','SMKJ07','KLS029','P'),(1168,'11222901','SASKIA KIKI IRAWAN','SMKJ07','KLS029','P'),(1169,'11222913','SHANTY SUANDANI','SMKJ07','KLS029','P'),(1170,'11222935','SRI ENDANG MARLINA','SMKJ07','KLS029','P'),(1171,'11222945','SRI WULANSARI','SMKJ07','KLS029','P'),(1172,'11222960','SYLVIA ANDJANI SHAFITRI','SMKJ07','KLS029','P'),(1173,'11222969','TIKA KRISDAYANTI','SMKJ07','KLS029','P'),(1174,'11222979','TRISTIAN ANNISHA ZULFA ZASMINE','SMKJ07','KLS029','P'),(1175,'11222995','WIDI TANTRI','SMKJ07','KLS029','P'),(1176,'11223009','WULANSARI','SMKJ07','KLS029','P'),(1177,'11121870','AAH AMINAH','SMKJ03','KLS033','P'),(1178,'11121875','ACEP SETIAWAN','SMKJ03','KLS033','L'),(1179,'11121877','ADAM ABDILAH FAJAR RAMDHANI','SMKJ03','KLS033','L'),(1180,'11121879','ADANG ROHIM','SMKJ03','KLS033','L'),(1181,'11121901','AJIV NURKOMAR','SMKJ03','KLS033','L'),(1182,'11121905','ALFIN WILDANO FADEL','SMKJ03','KLS033','L'),(1183,'11121922','ANNISA NOVALINA PUTRI','SMKJ03','KLS033','P'),(1184,'11121927','APRILIA FRANCHESCA LANGKUN','SMKJ03','KLS033','P'),(1185,'11121940','ASTRI RIANTI SHOLIHAT','SMKJ03','KLS033','P'),(1186,'11121963','CICA SANTIA','SMKJ03','KLS033','P'),(1187,'11121970','CUCU HERYANTO','SMKJ03','KLS033','L'),(1188,'11121977','DARTONO HARDIANSYAH','SMKJ03','KLS033','L'),(1189,'11121998','DEVY YANTI WARDIANI','SMKJ03','KLS033','P'),(1190,'11122015','EDI SETIAWAN','SMKJ03','KLS033','L'),(1191,'11122031','ENUNG NURJANAH','SMKJ03','KLS033','P'),(1192,'11122046','FAISAL ABDUL AZIZ','SMKJ03','KLS033','L'),(1193,'11122052','FAUZI MULYANA','SMKJ03','KLS033','L'),(1194,'11122070','GILANG BARLIAN','SMKJ03','KLS033','L'),(1195,'11122083','HERLINA SARI SIHOMBING','SMKJ03','KLS033','P'),(1196,'11122089','IAN MUHAMAD ALIYANA','SMKJ03','KLS033','L'),(1197,'11122118','INTAN PARAHIANG GINI','SMKJ03','KLS033','P'),(1198,'11122140','KARTINI','SMKJ03','KLS033','P'),(1199,'11122155','MAHMUD RIJAL PAUJI M.','SMKJ03','KLS033','L'),(1200,'11122173','MUGI HERDIYANA PUTRA','SMKJ03','KLS033','L'),(1201,'11122178','MUHAMAD RIVA FADILAH','SMKJ03','KLS033','L'),(1202,'11122183','MUHAMMAD SANDI RIZKI NUGRAHA P.','SMKJ03','KLS033','L'),(1203,'11122190','NENDEN TRESNA AYU','SMKJ03','KLS033','P'),(1204,'11122197','NIA RODIAH','SMKJ03','KLS033','P'),(1205,'11122213','NOVY SYAMRIZKI RIANI','SMKJ03','KLS033','P'),(1206,'11122225','PERSIA VERDINAN','SMKJ03','KLS033','L'),(1207,'11122233','R. ERIES TRISNANDI','SMKJ03','KLS033','L'),(1208,'11122294','RISWANDANA','SMKJ03','KLS033','L'),(1209,'11122302','RONY SAPUTRA RAJALI','SMKJ03','KLS033','L'),(1210,'11122308','ROVIT WIDYA AFDALA','SMKJ03','KLS033','L'),(1211,'11122316','SANI TRIASYA','SMKJ03','KLS033','L'),(1212,'11122338','SITI JULAEHA','SMKJ03','KLS033','P'),(1213,'11122373','TIARA PRATIWI','SMKJ03','KLS033','P'),(1214,'11122377','TITA ROCHMATUL NURJANAH','SMKJ03','KLS033','P'),(1215,'11122382','TOPIK SAEPUL RAHMAN','SMKJ03','KLS033','L'),(1216,'11122422','YOGA PRATAMA','SMKJ03','KLS033','L'),(1217,'11121878','ADAM WAGISTO','SMKJ03','KLS034','L'),(1218,'11121881','ADHI GUSTAMAN PAMUNGKAS','SMKJ03','KLS034','L'),(1219,'11121882','ADI MAULANA YUSUP','SMKJ03','KLS034','L'),(1220,'11121883','ADI SAFAAT','SMKJ03','KLS034','L'),(1221,'11121904','ALFIN MOCHAMAD FALAH','SMKJ03','KLS034','L'),(1222,'11121926','APRILIA AUDINA','SMKJ03','KLS034','P'),(1223,'11121928','ARI SETIAWAN RAHAYU','SMKJ03','KLS034','L'),(1224,'11121957','CHANDRA PRAWIRA DIFA','SMKJ03','KLS034','L'),(1225,'11121964','CICI LESTARI','SMKJ03','KLS034','P'),(1226,'11121973','DADAN CHANDRA NUGRAHA','SMKJ03','KLS034','L'),(1227,'11121978','DEDE DWI NARANTIKA','SMKJ03','KLS034','L'),(1228,'11122014','DWI YUDI RAYI ANUGRAH','SMKJ03','KLS034','L'),(1229,'11122020','EKA YUDA RAYI ANUGRAH','SMKJ03','KLS034','L'),(1230,'11122038','EUIS REZA SANTIKA','SMKJ03','KLS034','P'),(1231,'11122048','FAQIHUDIN FIRDAUS','SMKJ03','KLS034','L'),(1232,'11122057','FIRMAN ADITIA','SMKJ03','KLS034','L'),(1233,'11122078','HASBI NUR HAYAT','SMKJ03','KLS034','L'),(1234,'11122085','HERTINA WATI SIHOMBING','SMKJ03','KLS034','P'),(1235,'11122102','ILYAS PERMANA PUTRA','SMKJ03','KLS034','L'),(1236,'11122129','IWAN SULAEMAN','SMKJ03','KLS034','L'),(1237,'11122145','LATIF SAEFUL ISLAM','SMKJ03','KLS034','L'),(1238,'11122166','MIRA OKTAVIANI','SMKJ03','KLS034','P'),(1239,'11122174','MUHAMAD ARIFIN BHUHORI','SMKJ03','KLS034','L'),(1240,'11122180','MUHAMMAD ABDUL RAUF','SMKJ03','KLS034','L'),(1241,'11122188','NAUFAL RIDHWAN TRISTIANDI','SMKJ03','KLS034','L'),(1242,'11122196','NIA ANDRIYANI','SMKJ03','KLS034','P'),(1243,'11122212','NOVIANDI','SMKJ03','KLS034','L'),(1244,'11122224','PEBI SILVIA','SMKJ03','KLS034','P'),(1245,'11122231','PUTRI MEILANI','SMKJ03','KLS034','P'),(1246,'11122245','RAVENA PUTRI HIDAYAT','SMKJ03','KLS034','P'),(1247,'11122248','REGI SUSBIANTO','SMKJ03','KLS034','L'),(1248,'11122251','RENA APRILIANI','SMKJ03','KLS034','P'),(1249,'11122297','RIYANTO WIJAYA','SMKJ03','KLS034','L'),(1250,'11122315','SANDI ALPIAN','SMKJ03','KLS034','L'),(1251,'11122330','SINDI MAYANTI','SMKJ03','KLS034','P'),(1252,'11122366','SYAFIRA NADYA PRATIWI','SMKJ03','KLS034','P'),(1253,'11122380','TOMI ARIPUDIN','SMKJ03','KLS034','L'),(1255,'11122427','YOSEP MUHAMAD RIDWAN','SMKJ03','KLS034','L'),(1256,'11122443','YUZRI RIDWANA','SMKJ03','KLS034','L'),(1257,'11121874','ABDUL ROHMAN','SMKJ05','KLS035','L'),(1258,'11121895','AHMAD JAILANI','SMKJ05','KLS035','L'),(1259,'11121913','ANGGA KELANA','SMKJ05','KLS035','L'),(1260,'11121920','ANITA MEDIANA','SMKJ05','KLS035','P'),(1261,'11121935','ASEP FIRMAN','SMKJ05','KLS035','L'),(1262,'11121949','BAGAS SANDRIA','SMKJ05','KLS035','L'),(1263,'11121955','CARLIM','SMKJ05','KLS035','L'),(1264,'11121966','CICI SUSANTI','SMKJ05','KLS035','P'),(1265,'11121969','CUCU CAHYATI','SMKJ05','KLS035','P'),(1266,'11121991','DERIS FAHRUL AZMI','SMKJ05','KLS035','L'),(1267,'11121997','DEVILIA PUSPITA DEWI','SMKJ05','KLS035','P'),(1268,'11122019','EKA SARI PRATIWI NURDIN','SMKJ05','KLS035','P'),(1269,'11122027','ELMA DESTIANA','SMKJ05','KLS035','P'),(1270,'11122042','EVI LIANA HUSEN','SMKJ05','KLS035','P'),(1271,'11122061','FITRI NURAISAH','SMKJ05','KLS035','P'),(1272,'11122071','GINA WIDIYANA','SMKJ05','KLS035','P'),(1273,'11122095','IIS SUGIARTI','SMKJ05','KLS035','P'),(1274,'11122108','IMAS SOFIAH','SMKJ05','KLS035','P'),(1275,'11122119','IPAH MAEMUNAH','SMKJ05','KLS035','P'),(1276,'11122137','JOHAN BAGUS PRAKOSO','SMKJ05','KLS035','L'),(1277,'11122151','LUPI GUSTIANI','SMKJ05','KLS035','P'),(1278,'11122158','MARYAM RETNO AJI','SMKJ05','KLS035','P'),(1279,'11122184','MULYATI TRISNAWATI','SMKJ05','KLS035','P'),(1280,'11122200','NINING CUCU RATNINGSIH','SMKJ05','KLS035','P'),(1281,'11122202','NITA AGUNG NURIAH','SMKJ05','KLS035','P'),(1282,'11122208','NOVI LESTARI','SMKJ05','KLS035','P'),(1283,'11122235','RACHMAWATI NUR HAJAR','SMKJ05','KLS035','P'),(1284,'11122239','RANTIH SUARSIH','SMKJ05','KLS035','P'),(1285,'11122250','REKSI RUKMANA','SMKJ05','KLS035','L'),(1286,'11122260','RESTI SUGIYASTI','SMKJ05','KLS035','P'),(1287,'11122269','RIFKA SITI MUMINAH','SMKJ05','KLS035','P'),(1288,'11122279','RINA SITI NURJANAH','SMKJ05','KLS035','P'),(1289,'11122290','RISMA GRISTYANI','SMKJ05','KLS035','P'),(1290,'11122304','ROSI MIKA ADITIA MUSTOPA','SMKJ05','KLS035','P'),(1291,'11122312','SAEFUL ANWAR','SMKJ05','KLS035','L'),(1292,'11122327','SIFA FAUZIAH','SMKJ05','KLS035','P'),(1293,'11122336','SITI HARTINI NURFITRY','SMKJ05','KLS035','P'),(1294,'11122345','SOFIAH','SMKJ05','KLS035','P'),(1295,'11122364','SUSI YULITA','SMKJ05','KLS035','P'),(1296,'11122367','SYAM REZKI BRAJANATA','SMKJ05','KLS035','L'),(1297,'11122386','UKES HERNAWATI','SMKJ05','KLS035','P'),(1298,'11122394','WANZANI SARSIH WULANDARI','SMKJ05','KLS035','P'),(1299,'11122399','WIDIANI GUSTINA','SMKJ05','KLS035','P'),(1300,'11122403','WINA AMALIA RHAMADANI','SMKJ05','KLS035','P'),(1301,'11122414','WULAN SARI','SMKJ05','KLS035','P'),(1302,'11122425','YOGI PRAYOGI','SMKJ05','KLS035','L'),(1303,'11121880','ADE ENUR NOVIANTI','SMKJ05','KLS036','P'),(1304,'11121900','AJIE SETIAWAN','SMKJ05','KLS036','L'),(1305,'11121918','ANI TRIANI','SMKJ05','KLS036','P'),(1306,'11121929','ARI YULIANTI','SMKJ05','KLS036','P'),(1307,'11121951','BISMA ULFA DIANDY','SMKJ05','KLS036','L'),(1308,'11121960','CHYNTIA KEMALA DEWI','SMKJ05','KLS036','P'),(1309,'11121968','CRISTIEN AVRILA SIREGAR','SMKJ05','KLS036','P'),(1310,'11121983','DEDE USWATUN HASANAH','SMKJ05','KLS036','P'),(1311,'11121996','DEVI YULIA','SMKJ05','KLS036','P'),(1312,'11122000','DEWI TIARA SANI REYNALTI','SMKJ05','KLS036','P'),(1313,'11122024','ELIS KARTINI','SMKJ05','KLS036','P'),(1314,'11122039','EVA NURHAYATI','SMKJ05','KLS036','P'),(1315,'11122055','FINA DWI SUPARTINI','SMKJ05','KLS036','P'),(1316,'11122067','GHEA ANGELINE T.','SMKJ05','KLS036','P'),(1317,'11122073','GUSTI RISANDI','SMKJ05','KLS036','L'),(1318,'11122099','IKA NURBAETI','SMKJ05','KLS036','P'),(1319,'11122112','INDAH DEWI PURNAMA','SMKJ05','KLS036','P'),(1320,'11122132','JAJANG KOSWARA','SMKJ05','KLS036','L'),(1321,'11122139','KAMALIA SHOFA','SMKJ05','KLS036','P'),(1322,'11122156','MARISA AMALIA UTAMA','SMKJ05','KLS036','P'),(1323,'11122160','MAYA KRISTINA','SMKJ05','KLS036','P'),(1324,'11122191','NENENG ARDILA','SMKJ05','KLS036','P'),(1325,'11122201','NISA MARLIANA','SMKJ05','KLS036','P'),(1326,'11122203','NITA FATIMAH','SMKJ05','KLS036','P'),(1327,'11122221','NURSELIANA AGUSTIANI','SMKJ05','KLS036','P'),(1328,'11122236','RADIANTI','SMKJ05','KLS036','P'),(1329,'11122247','REGA FEBRIANA','SMKJ05','KLS036','P'),(1330,'11122253','RENDI SUPRIYATNA','SMKJ05','KLS036','L'),(1331,'11122266','RIASA AGUSNIA','SMKJ05','KLS036','P'),(1332,'11122278','RINA RAHMATILLAH','SMKJ05','KLS036','P'),(1333,'11122287','RISKA HERLINA','SMKJ05','KLS036','P'),(1334,'11122295','RITA LARITA','SMKJ05','KLS036','P'),(1335,'11122309','RURI QODRIATI RAHAYU','SMKJ05','KLS036','P'),(1336,'11122321','SELA PUTRI ROHIMAH','SMKJ05','KLS036','P'),(1337,'11122329','SILVI AULIA','SMKJ05','KLS036','P'),(1338,'11122337','SITI JUBAEDAH','SMKJ05','KLS036','P'),(1339,'11122362','SURTINI','SMKJ05','KLS036','P'),(1340,'11122365','SUTRISNO WIHARJA','SMKJ05','KLS036','L'),(1341,'11122385','TRY WAHYUNINGSIH','SMKJ05','KLS036','P'),(1342,'11122387','UNTARI','SMKJ05','KLS036','P'),(1343,'11122397','WATI NOVITASARI','SMKJ05','KLS036','P'),(1344,'11122401','WILDA AGNIYA HIBATULLAH','SMKJ05','KLS036','P'),(1345,'11122406','WINARTI','SMKJ05','KLS036','P'),(1346,'11122416','YANI OKTAVIANI','SMKJ05','KLS036','P'),(1347,'11122435','YULIAN APRILIANTI','SMKJ05','KLS036','P'),(1348,'11121886','ADINDA ROSLIANA FUSICKA','SMKJ06','KLS037','P'),(1349,'11121921','ANNA LESTIANI','SMKJ06','KLS037','P'),(1350,'11121939','ASTRI AYU PUTRI','SMKJ06','KLS037','P'),(1351,'11121944','AYI CAHYATI','SMKJ06','KLS037','P'),(1352,'11121961','CICA EMELYA','SMKJ06','KLS037','P'),(1353,'11121971','CUCU NURAENI','SMKJ06','KLS037','P'),(1354,'11121988','DENA ELYA ANJANI','SMKJ06','KLS037','P'),(1355,'11121999','DEWI LESTARI','SMKJ06','KLS037','P'),(1356,'11122004','DIAN PERTIWI','SMKJ06','KLS037','P'),(1357,'11122013','DWI JIHAN MILDA PRASTIKA','SMKJ06','KLS037','P'),(1358,'11122041','EVA YULISTIANA','SMKJ06','KLS037','P'),(1359,'11122074','GUSTINA WIDIANINGSIH','SMKJ06','KLS037','P'),(1360,'11122084','HERLINDA TIARASARI','SMKJ06','KLS037','P'),(1361,'11122098','IKA ANTIKA','SMKJ06','KLS037','P'),(1362,'11122105','IMA RAHMAWATI','SMKJ06','KLS037','P'),(1363,'11122120','IRA HERAWATI','SMKJ06','KLS037','P'),(1364,'11122133','JELITA AGRYANTARI ANUGRAH','SMKJ06','KLS037','P'),(1365,'11122141','KIKI WINI OKTAVIANI','SMKJ06','KLS037','P'),(1366,'11122147','LIA KUSTRIYANI','SMKJ06','KLS037','P'),(1367,'11122152','LUSI APRIYANTI DEWI','SMKJ06','KLS037','P'),(1368,'11122159','MAY ANGGRAENI','SMKJ06','KLS037','P'),(1369,'11122185','NABILA DARA CANTIKA','SMKJ06','KLS037','P'),(1370,'11122195','NENI ARYANTI','SMKJ06','KLS037','P'),(1371,'11122210','NOVI YANTI','SMKJ06','KLS037','P'),(1372,'11122216','NURAISAH','SMKJ06','KLS037','P'),(1373,'11122228','PUPUT MARYANI NUGRAHA','SMKJ06','KLS037','P'),(1374,'11122246','RD. HILDA FEBRIANI','SMKJ06','KLS037','P'),(1375,'11122256','RENI NURULAENI','SMKJ06','KLS037','P'),(1376,'11122273','RIKA ROSMAYANTI','SMKJ06','KLS037','P'),(1377,'11122281','RINI RINIANTI','SMKJ06','KLS037','P'),(1378,'11122289','RISMA APRILIA','SMKJ06','KLS037','P'),(1379,'11122306','ROSITA SARI','SMKJ06','KLS037','P'),(1380,'11122318','SANTI NURAENI','SMKJ06','KLS037','P'),(1381,'11122323','SELIA JAYANTI','SMKJ06','KLS037','P'),(1382,'11122335','SITI EKA HIDAYAH','SMKJ06','KLS037','P'),(1383,'11122347','SONIA PRATIWI','SMKJ06','KLS037','P'),(1384,'11122354','SRI HANDAYANI','SMKJ06','KLS037','P'),(1385,'11122375','TINA PURWANTI','SMKJ06','KLS037','P'),(1386,'11122404','WINA WIDIASARI','SMKJ06','KLS037','P'),(1387,'11122409','WINDY WIDYAWATI','SMKJ06','KLS037','P'),(1388,'11122442','YUYUN YUNENGSIH','SMKJ06','KLS037','P'),(1389,'11122444','ZAHRA RAHMAYANTI','SMKJ06','KLS037','P'),(1390,'11121915','ANGGI ANGGRAENI','SMKJ06','KLS038','P'),(1391,'11121924','ANTI NOVIYANTI','SMKJ06','KLS038','P'),(1392,'11121941','ASTRI SAPITRI','SMKJ06','KLS038','P'),(1393,'11121945','AYUDHIA PRATIWI','SMKJ06','KLS038','P'),(1394,'11121965','CICI MEILINA','SMKJ06','KLS038','P'),(1395,'11121984','DEDEH APRIANI','SMKJ06','KLS038','P'),(1396,'11121990','DEPI HERAWATI','SMKJ06','KLS038','P'),(1397,'11122001','DHEANI','SMKJ06','KLS038','P'),(1398,'11122009','DINA ALAIKUMUSSYAM','SMKJ06','KLS038','P'),(1399,'11122021','ELA NURLAELA','SMKJ06','KLS038','P'),(1400,'11122037','ESRA APRIYANTY L. GAOL','SMKJ06','KLS038','P'),(1401,'11122056','FINASTI DWI CAHYANI','SMKJ06','KLS038','P'),(1402,'11122079','HELGA ARDHIA PRAMESTY','SMKJ06','KLS038','P'),(1403,'11122094','IIS NURJANAH','SMKJ06','KLS038','P'),(1404,'11122100','IKE NURJANAH','SMKJ06','KLS038','P'),(1405,'11122109','INA ANISA RISKIANI','SMKJ06','KLS038','P'),(1406,'11122127','ISTI ILYANI','SMKJ06','KLS038','P'),(1407,'11122136','JESSICA APRILIAN KAMILIA','SMKJ06','KLS038','P'),(1408,'11122138','KALMI','SMKJ06','KLS038','P'),(1409,'11122143','KUNII MUSTAFIDATUN','SMKJ06','KLS038','P'),(1410,'11122148','LIA YULIANTI','SMKJ06','KLS038','P'),(1411,'11122153','LUSI SEJATI','SMKJ06','KLS038','P'),(1412,'11122164','MIA NURPIANTI','SMKJ06','KLS038','P'),(1413,'11122187','NANDIA SITI NUR CHOLIFAH','SMKJ06','KLS038','P'),(1414,'11122198','NINDI SARI MARSELA','SMKJ06','KLS038','P'),(1415,'11122214','NUR ANISA ABAT','SMKJ06','KLS038','P'),(1416,'11122217','NURHAENI','SMKJ06','KLS038','P'),(1417,'11122240','RATIH NURHAYATI','SMKJ06','KLS038','P'),(1418,'11122263','RETNOWATI SOBIRIN','SMKJ06','KLS038','P'),(1419,'11122272','RIKA FITRIYANI','SMKJ06','KLS038','P'),(1420,'11122275','RIMASUCI PUTRI MUNGGARAN','SMKJ06','KLS038','P'),(1421,'11122292','RISNA RINUGRAH NUR SARI','SMKJ06','KLS038','P'),(1422,'11122300','ROHAETI','SMKJ06','KLS038','P'),(1423,'11122311','SABANDIYAH RACHMAYANTI','SMKJ06','KLS038','P'),(1424,'11122320','SARI NUR RAHMAWATI','SMKJ06','KLS038','P'),(1425,'11122328','SILFI YURIAN GANI','SMKJ06','KLS038','P'),(1426,'11122341','SITI NURAENI','SMKJ06','KLS038','P'),(1427,'11122348','SOPIAH LESTIAWATI','SMKJ06','KLS038','P'),(1428,'11122355','SRI HAPIPATUSHOLIHAH','SMKJ06','KLS038','P'),(1429,'11122378','TITA YULIANTI','SMKJ06','KLS038','P'),(1430,'11122405','WINA WINARSIH','SMKJ06','KLS038','P'),(1431,'11122413','WULAN MULYA SARI','SMKJ06','KLS038','P'),(1432,'11122433','YULIA NUR SITI FATIMAH','SMKJ06','KLS038','P'),(1433,'11122439','YUNITA AGUSTIA NINGSIH','SMKJ06','KLS038','P'),(1434,'11121887','ADITYA FIRMAN CAHYA SETIAWAN','SMKJ06','KLS039','L'),(1435,'11121897','AI SUSANTI','SMKJ06','KLS039','P'),(1436,'11121917','ANI NURHAYATI','SMKJ06','KLS039','P'),(1437,'11121938','ASRI TRESNAWATI SEPTIA','SMKJ06','KLS039','P'),(1438,'11121942','ATIK ATIKAH','SMKJ06','KLS039','P'),(1439,'11121959','CHRYSTAL CHANTEL SHANE DARWADI','SMKJ06','KLS039','P'),(1440,'11121967','CINDY RAHAYU PUTRI MULYADIN','SMKJ06','KLS039','P'),(1441,'11121986','DEDEN HERMAWAN','SMKJ06','KLS039','L'),(1442,'11121994','DEVI NOVITASARI','SMKJ06','KLS039','P'),(1443,'11122003','DHINI ASTUTY','SMKJ06','KLS039','P'),(1444,'11122011','DINNI WARDAH MAYSYAROH','SMKJ06','KLS039','P'),(1445,'11122022','ELA PUSPITA NURIANI','SMKJ06','KLS039','P'),(1446,'11122040','EVA SITI NURHALIMAH','SMKJ06','KLS039','P'),(1447,'11122062','FITRI SYAHARA','SMKJ06','KLS039','P'),(1448,'11122082','HENDRA RIANA','SMKJ06','KLS039','L'),(1449,'11122097','IIS YUSNIAR','SMKJ06','KLS039','P'),(1450,'11122104','IMA MUARIFAH REHIFA MOERS','SMKJ06','KLS039','P'),(1451,'11122110','INDAH AULIA MUHAEMIN','SMKJ06','KLS039','P'),(1452,'11122130','IYA MARIYAM','SMKJ06','KLS039','P'),(1453,'11122146','LENI SARLINA','SMKJ06','KLS039','P'),(1454,'11122149','LILIS STYANI','SMKJ06','KLS039','P'),(1455,'11122157','MARLIANA ANGGINI PERMANA','SMKJ06','KLS039','P'),(1456,'11122177','MUHAMAD PIRMANSYAH','SMKJ06','KLS039','L'),(1457,'11122189','NENDEN ROBIATUSSYIFA','SMKJ06','KLS039','P'),(1458,'11122206','NOPI ANGGRAINI','SMKJ06','KLS039','P'),(1459,'11122215','NUR OKTAVIANI SAADAH','SMKJ06','KLS039','P'),(1460,'11122227','PIKA NURHADIATI','SMKJ06','KLS039','P'),(1461,'11122244','RATNAWATI','SMKJ06','KLS039','P'),(1462,'11122252','RENA HERLINA','SMKJ06','KLS039','P'),(1463,'11122276','RINA MELAWATI','SMKJ06','KLS039','P'),(1464,'11122282','RIO ARDIANSYAH','SMKJ06','KLS039','L'),(1465,'11122284','RIRI AYU LESTARI','SMKJ06','KLS039','P'),(1466,'11122314','SAIDAH ISTIQOMAH','SMKJ06','KLS039','P'),(1467,'11122322','SELI SOLEHAH','SMKJ06','KLS039','P'),(1468,'11122331','SINSIN KARTAJAYA','SMKJ06','KLS039','L'),(1469,'11122342','SITI NURIYAH','SMKJ06','KLS039','P'),(1470,'11122350','SOPIYANTI','SMKJ06','KLS039','P'),(1471,'11122374','TIKA NOVIANTI','SMKJ06','KLS039','P'),(1472,'11122390','VINA VIDINIA PUTRI','SMKJ06','KLS039','P'),(1473,'11122407','WINDA NURMINA','SMKJ06','KLS039','P'),(1474,'11122415','YAKOB KARNO ADHITAMA','SMKJ06','KLS039','L'),(1475,'11122432','YULIA INDRIANI','SMKJ06','KLS039','P'),(1476,'11122434','YULIA SANTIKA','SMKJ06','KLS039','P'),(1477,'11122440','YUNITA NURDIANI','SMKJ06','KLS039','P'),(1478,'11121871','AAN NUR MU ANGGRAENI HLS.','SMKJ07','KLS040','P'),(1479,'11121899','AISYAH NURAENI','SMKJ07','KLS040','P'),(1480,'11121923','ANNISA NURYANTI','SMKJ07','KLS040','P'),(1481,'11121975','DAMBIL SOEHITNA','SMKJ07','KLS040','L'),(1482,'11121985','DEDEH KARYANI','SMKJ07','KLS040','P'),(1483,'11121993','DETI SETIAWATI','SMKJ07','KLS040','P'),(1484,'11122023','ELAH HAYATI','SMKJ07','KLS040','P'),(1485,'11122030','ENDAH PURNOMO SARI','SMKJ07','KLS040','P'),(1486,'11122043','EVI YULISTIANI','SMKJ07','KLS040','P'),(1487,'11122053','FEBRIANIKO KRISTIAN','SMKJ07','KLS040','L'),(1488,'11122060','FITRI CAHYATI','SMKJ07','KLS040','P'),(1489,'11122069','GILANG BALYANA MALINDO','SMKJ07','KLS040','L'),(1490,'11122091','IDA ULPALIA','SMKJ07','KLS040','P'),(1491,'11122101','ILMA NURHANIFA','SMKJ07','KLS040','P'),(1492,'11122115','INDRA MULYADI','SMKJ07','KLS040','L'),(1493,'11122121','IRANI LIRA','SMKJ07','KLS040','P'),(1494,'11122125','IRWAN MARYANDI','SMKJ07','KLS040','L'),(1495,'11122150','LISA ROSTIYANI','SMKJ07','KLS040','P'),(1496,'11122161','MAYA NURMAYANTI','SMKJ07','KLS040','P'),(1497,'11122169','MOCHAMAD TOPAN NUGRAHA H.','SMKJ07','KLS040','L'),(1498,'11122186','NANDANG RISGANDI','SMKJ07','KLS040','L'),(1499,'11122205','NOPHY PUSPITASARI','SMKJ07','KLS040','P'),(1500,'11122218','NURHALIMAH','SMKJ07','KLS040','P'),(1501,'11122226','PERUSKHA BARZANI','SMKJ07','KLS040','P'),(1502,'11122238','RANI INTAN LESTARI','SMKJ07','KLS040','P'),(1503,'11122271','RIKA AMALIA FIRDAUS','SMKJ07','KLS040','P'),(1504,'11122291','RISMA YULINAR','SMKJ07','KLS040','P'),(1505,'11122317','SANSAN SANDANU','SMKJ07','KLS040','L'),(1506,'11122332','SINTA NUROHMATIN','SMKJ07','KLS040','P'),(1507,'11122339','SITI MARYAM NURAZIZAH','SMKJ07','KLS040','P'),(1508,'11122344','SITI ROMLAH LATIFAH','SMKJ07','KLS040','P'),(1509,'11122351','SRI CAHYATI','SMKJ07','KLS040','P'),(1510,'11122363','SURYANI DEVI','SMKJ07','KLS040','P'),(1511,'11122370','TAMI YULIANTI','SMKJ07','KLS040','P'),(1512,'11122388','UPIT FITRIANI','SMKJ07','KLS040','P'),(1513,'11122395','WARTINI APRIYANI','SMKJ07','KLS040','P'),(1514,'11122430','YULI ALFIANI','SMKJ07','KLS040','P'),(1515,'11122437','YUNIAWATI','SMKJ07','KLS040','P'),(1516,'11122441','YUYU YULITA','SMKJ07','KLS040','P'),(1517,'11121876','ADAH SAADAH','SMKJ07','KLS041','P'),(1518,'11121914','ANGGA RESMANA KESUMA PUTRA','SMKJ07','KLS041','L'),(1519,'11121925','ANTON TEGUH SETIAWAN','SMKJ07','KLS041','L'),(1520,'11121962','CICA RISMAWANTI','SMKJ07','KLS041','P'),(1521,'11121976','DANNY RIZKY FAUZAN','SMKJ07','KLS041','L'),(1522,'11121987','DEISMA NUR SAADAH','SMKJ07','KLS041','P'),(1523,'11122008','DIDAH JUHARIYAH','SMKJ07','KLS041','P'),(1524,'11122026','ELMA APRILIA','SMKJ07','KLS041','P'),(1525,'11122032','ERIK IRAWAN','SMKJ07','KLS041','L'),(1526,'11122047','FAJAR SURYA BATARA','SMKJ07','KLS041','L'),(1527,'11122064','FRISKA ROSNI APRILLYA','SMKJ07','KLS041','P'),(1528,'11122086','HIKA MAULANA','SMKJ07','KLS041','L'),(1529,'11122093','IIM KARIMAH','SMKJ07','KLS041','P'),(1530,'11122106','IMAM MAULANA','SMKJ07','KLS041','L'),(1531,'11122116','INKA OPIANI','SMKJ07','KLS041','P'),(1532,'11122122','IRMA NUR FITRIYANI','SMKJ07','KLS041','P'),(1533,'11122135','JESSI AGUS ASTRIANI','SMKJ07','KLS041','P'),(1534,'11122154','MADRID MARGANA','SMKJ07','KLS041','L'),(1535,'11122446','MAYA AGUNG LESTARI','SMKJ07','KLS041','P'),(1536,'11122172','MONIKA PRATIWI','SMKJ07','KLS041','P'),(1537,'11122192','NENENG CITRA SEPTIA AYU','SMKJ07','KLS041','P'),(1538,'11122209','NOVI NURHASANAH','SMKJ07','KLS041','P'),(1539,'11122219','NURHASANAH','SMKJ07','KLS041','P'),(1540,'11122230','PUTRI FITRIA WIDIANI RATNA PURI','SMKJ07','KLS041','P'),(1541,'11122241','RATIH OKTAVIANI','SMKJ07','KLS041','P'),(1542,'11122255','RENI ASTUTI','SMKJ07','KLS041','P'),(1543,'11122277','RINA NOVIANA','SMKJ07','KLS041','P'),(1544,'11122285','RISA ROSMALA','SMKJ07','KLS041','P'),(1545,'11122307','ROSYID SUNARDI','SMKJ07','KLS041','L'),(1546,'11122319','SANTI NURWATI','SMKJ07','KLS041','P'),(1547,'11122333','SITI AISAH','SMKJ07','KLS041','P'),(1548,'11122340','SITI MULYANI','SMKJ07','KLS041','P'),(1549,'11122352','SRI DEVI ANGGRAENI','SMKJ07','KLS041','P'),(1550,'11122368','SYARIFUDIN RACHMATULLOH','SMKJ07','KLS041','L'),(1551,'11122371','TASLIMAH JUWITA','SMKJ07','KLS041','P'),(1552,'11122400','WIDURI NIRVA NANDA','SMKJ07','KLS041','P'),(1553,'11122412','WIWI WIARSIH','SMKJ07','KLS041','P'),(1554,'11122417','YANTI ISMAWATI','SMKJ07','KLS041','P'),(1555,'11122431','YULI YANTI','SMKJ07','KLS041','P'),(1556,'11121890','AEP SOPIAN SAHRUDIN','SMKJ07','KLS042','L'),(1557,'11121919','ANISAH','SMKJ07','KLS042','P'),(1558,'11121931','ARIF RAHMAN HAKIM','SMKJ07','KLS042','L'),(1559,'11021321','BIHAD FAJAR MAULANA','SMKJ07','KLS042','L'),(1560,'11121972','CUCUN DESIANA','SMKJ07','KLS042','P'),(1561,'11121981','DEDE RITA MAURITA','SMKJ07','KLS042','P'),(1562,'11121992','DETI KURNIA','SMKJ07','KLS042','P'),(1563,'11122028','ENCAS CASWATI','SMKJ07','KLS042','P'),(1564,'11122033','ERIK WINALDA','SMKJ07','KLS042','L'),(1565,'11122059','FIRMANSYAH','SMKJ07','KLS042','L'),(1566,'11122065','FROMIDA GORETTI','SMKJ07','KLS042','P'),(1567,'11122088','HOTLINA MAGDALENA LIMBONG','SMKJ07','KLS042','P'),(1568,'11122096','IIS SUGIARTI','SMKJ07','KLS042','P'),(1569,'11122107','IMAS MASRUROH','SMKJ07','KLS042','P'),(1570,'11122117','INTAN LISTIANI','SMKJ07','KLS042','P'),(1571,'11122123','IRMAWATI','SMKJ07','KLS042','P'),(1572,'11122144','LALA SAPTIANI HARISANDI','SMKJ07','KLS042','P'),(1573,'11122162','MEILIA ASYIFA','SMKJ07','KLS042','P'),(1574,'11122163','MEIRA NADIA DENHAS','SMKJ07','KLS042','P'),(1575,'11122193','NENENG KURNIASIH','SMKJ07','KLS042','P'),(1576,'11122211','NOVIA RAHMAWATI','SMKJ07','KLS042','P'),(1577,'11122220','NURLAELA','SMKJ07','KLS042','P'),(1578,'11122258','RESA DWI RIANTI','SMKJ07','KLS042','P'),(1579,'11122280','RINA YULIANAWATI','SMKJ07','KLS042','P'),(1580,'11122288','RISKA KOMALASARI','SMKJ07','KLS042','P'),(1581,'11122296','RIVAL SHANDIA DHARMAWAN','SMKJ07','KLS042','L'),(1582,'11122301','ROMI RUSMANA','SMKJ07','KLS042','L'),(1583,'11122303','ROS ROSITA','SMKJ07','KLS042','P'),(1584,'11122326','SIDIK ZATNIKA','SMKJ07','KLS042','L'),(1585,'11122334','SITI AISYAH','SMKJ07','KLS042','P'),(1586,'11122346','SOLEHAH NURAINI','SMKJ07','KLS042','P'),(1587,'11122349','SOPIAN HAKIM','SMKJ07','KLS042','L'),(1588,'11122356','SRI RAHAYU','SMKJ07','KLS042','P'),(1589,'11122369','SYUBAN FIKRI NURASIKIN','SMKJ07','KLS042','L'),(1590,'11122372','TIA KURTIASARI','SMKJ07','KLS042','P'),(1591,'11122391','VINI SAPITRI PEBRIANI','SMKJ07','KLS042','P'),(1592,'11122408','WINDA SARI','SMKJ07','KLS042','P'),(1593,'11122420','YENI MARIANI','SMKJ07','KLS042','P'),(1594,'11122438','YUNI MARYANI','SMKJ07','KLS042','P'),(1595,'11121873','ABDUL ROHMAN','SMKJ02','KLS031','L'),(1596,'11121888','ADITYA SURYADIREJA PRATAMA','SMKJ02','KLS031','L'),(1597,'11121892','AGUS FIRMANSYAH','SMKJ02','KLS031','L'),(1598,'11121894','AHMAD FAUZI','SMKJ02','KLS031','L'),(1599,'11121902','AKBAR RAPI','SMKJ02','KLS031','L'),(1600,'11121908','ALIF KHOIRUL MUTTAQIN','SMKJ02','KLS031','L'),(1601,'11121932','ASEP ABDUL KARIM','SMKJ02','KLS031','L'),(1602,'11121934','ASEP CAHYANA','SMKJ02','KLS031','L'),(1603,'11121943','AUDIAR RAHMAN MAHPUDIN','SMKJ02','KLS031','L'),(1604,'11121947','AZID SIROJUDIN','SMKJ02','KLS031','L'),(1605,'11121952','BONITA DANA SARI','SMKJ02','KLS031','P'),(1606,'11121979','DEDE ERDI FERDIANSAH','SMKJ02','KLS031','L'),(1607,'11122012','DONI DAMA SURYA','SMKJ02','KLS031','L'),(1608,'11122018','EKA RAHAYU ROSSYDUDIN','SMKJ02','KLS031','L'),(1609,'11122036','ERWIN LASMANA','SMKJ02','KLS031','L'),(1610,'11122066','GANI SAHALA','SMKJ02','KLS031','L'),(1611,'11122077','HARIS RESTU PRAMUDYA','SMKJ02','KLS031','L'),(1612,'11122081','HELMI YUSRA SEPTIANA','SMKJ02','KLS031','L'),(1613,'11122124','IRPAN FAISAL MAULANA','SMKJ02','KLS031','L'),(1614,'11122131','JAJANG CONARI','SMKJ02','KLS031','L'),(1615,'11122165','MIFTAH FARID HARJA KUSUMAH','SMKJ02','KLS031','L'),(1616,'11122171','MOKH. QORI SYAMSU ABBU RACHMAN','SMKJ02','KLS031','L'),(1617,'11122179','MUHAMAD WAHIDIN','SMKJ02','KLS031','L'),(1618,'11122222','OKE FIRDAUS','SMKJ02','KLS031','L'),(1619,'11122229','PUTRA ERLAMBANG','SMKJ02','KLS031','L'),(1620,'11122254','RENDYANSYAH WARDANA','SMKJ02','KLS031','L'),(1621,'11122261','RESTU SONI ALPRI','SMKJ02','KLS031','L'),(1622,'11122264','REYNANDA YUDISTIRA','SMKJ02','KLS031','L'),(1623,'11122274','RIKI SUBAGJA','SMKJ02','KLS031','L'),(1624,'11122299','RIZKY SAPUTRA','SMKJ02','KLS031','L'),(1625,'11122325','SEPTYAN BASKARA','SMKJ02','KLS031','L'),(1626,'11122357','SUCI NURUL HASANAH','SMKJ02','KLS031','P'),(1627,'11122392','WAHYU SAPRUDIANTO','SMKJ02','KLS031','L'),(1628,'11122398','WIDA WIRDANINGSIH','SMKJ02','KLS031','P'),(1629,'11122418','YASIN RAJA ANUGRAH','SMKJ02','KLS031','L'),(1630,'11122424','YOGI MAULANA YUSUF','SMKJ02','KLS031','L'),(1631,'11122426','YOPI PAMUNGKAS','SMKJ02','KLS031','L'),(1632,'11122428','YOSEP RIZAL ANUGRAH','SMKJ02','KLS031','L'),(1633,'11121884','ADI SEPTIANA','SMKJ02','KLS032','L'),(1634,'11121889','AEF SAEFUDIN','SMKJ02','KLS032','L'),(1635,'11121893','AGUS PERMANA','SMKJ02','KLS032','L'),(1636,'11121916','ANGGIH PRIBADI','SMKJ02','KLS032','L'),(1637,'11121933','ASEP BAMBANG KUSUMAH','SMKJ02','KLS032','L'),(1638,'11121936','ASEP MAHMUD','SMKJ02','KLS032','L'),(1639,'11121946','AZI MUHARAM','SMKJ02','KLS032','L'),(1640,'11121950','BAGJA SANJAYA','SMKJ02','KLS032','L'),(1641,'11121974','DADAN RAMADAN','SMKJ02','KLS032','L'),(1642,'11121980','DEDE KOMARUDIN','SMKJ02','KLS032','L'),(1643,'11122016','EGAN FADILLA','SMKJ02','KLS032','L'),(1644,'11122034','ERLANGGA HARAFIA','SMKJ02','KLS032','L'),(1645,'11122058','FIRMAN ALANI','SMKJ02','KLS032','L'),(1646,'11122080','HELMI STANSYAH','SMKJ02','KLS032','L'),(1647,'11122114','INDRA LINGGA PERMANA','SMKJ02','KLS032','L'),(1648,'11122128','ITANG SUHENDAR','SMKJ02','KLS032','L'),(1649,'11122134','JENAL ARIF RAMADAN','SMKJ02','KLS032','L'),(1650,'11122167','MOCHAMAD FIRMANSYAH','SMKJ02','KLS032','L'),(1651,'11122170','MOHAMAD YUDA AGUNG PRAWIRA','SMKJ02','KLS032','L'),(1652,'11122176','MUHAMAD LUKMANUL YASIEN','SMKJ02','KLS032','L'),(1653,'11122204','NONO SUHARNO','SMKJ02','KLS032','L'),(1654,'11122223','PARID IBRAHIM','SMKJ02','KLS032','L'),(1655,'11122234','RACHMAD KURNIAWAN','SMKJ02','KLS032','L'),(1656,'11122259','RESA PATUS SALENKO','SMKJ02','KLS032','L'),(1657,'11122267','RIDWAN SANUSI','SMKJ02','KLS032','L'),(1658,'11122293','RISNO SRI SUYONO','SMKJ02','KLS032','L'),(1659,'11122324','SEPTIAN','SMKJ02','KLS032','L'),(1660,'11122353','SRI EKA NOPIANTI','SMKJ02','KLS032','P'),(1661,'11122360','SUMINAH','SMKJ02','KLS032','P'),(1662,'11122361','SUPENDI','SMKJ02','KLS032','L'),(1663,'11122393','WAHYUDIN KOSASIH','SMKJ02','KLS032','L'),(1664,'11122402','WILLY AGNES DIANA','SMKJ02','KLS032','L'),(1665,'11122423','YOGI DARMAWAN','SMKJ02','KLS032','L'),(1666,'11121872','AANG SETIAWAN','SMKJ01','KLS030','L'),(1667,'11121885','ADI YUDHATAMA','SMKJ01','KLS030','L'),(1668,'11121891','AGITA PUTRI LESTARI','SMKJ01','KLS030','P'),(1669,'11121898','AISYAH DWI RATU PUTRI','SMKJ01','KLS030','P'),(1670,'11121903','AKMAL ALIKMAL','SMKJ01','KLS030','L'),(1671,'11121911','ANDRES THEANA','SMKJ01','KLS030','L'),(1672,'11121912','ANDRIYANTO','SMKJ01','KLS030','L'),(1673,'11121937','ASEP SODIKIN','SMKJ01','KLS030','L'),(1674,'11121954','CAHYA ADI KURNIAWAN','SMKJ01','KLS030','L'),(1675,'11121956','CEPI IBNU AZIS','SMKJ01','KLS030','L'),(1676,'11121982','DEDE SOBANA','SMKJ01','KLS030','L'),(1677,'11121989','DENI JUANSAH','SMKJ01','KLS030','L'),(1678,'11121995','DEVI PUTRI FITRIANINGRUM','SMKJ01','KLS030','P'),(1679,'11122006','DIANA ANI KARTIKA','SMKJ01','KLS030','P'),(1680,'11122025','ELIS RAHMAH FITRIA','SMKJ01','KLS030','P'),(1681,'11122035','ERVIN MENTARI SARTIKA','SMKJ01','KLS030','P'),(1682,'11122044','FACHRUR RIZAL SOLIHAT','SMKJ01','KLS030','L'),(1683,'11122045','FAHRI RAMDHANI','SMKJ01','KLS030','L'),(1684,'11122050','FARHAN TAUFIK','SMKJ01','KLS030','L'),(1685,'11122063','FITRIANI','SMKJ01','KLS030','P'),(1686,'11122072','GUNTUR NURWANTO','SMKJ01','KLS030','L'),(1687,'11122076','HAMJAH ABIANSYAH','SMKJ01','KLS030','L'),(1688,'11122087','HILMAN RAMDANI','SMKJ01','KLS030','L'),(1689,'11122090','IDA FARIDA','SMKJ01','KLS030','P'),(1690,'11122092','IFAN AFANDI RAMDANI','SMKJ01','KLS030','L'),(1691,'11122142','KINTAN AGUSTIN','SMKJ01','KLS030','P'),(1692,'11122181','MUHAMMAD FAHMI ALAUDDIN','SMKJ01','KLS030','L'),(1693,'11122182','MUHAMMAD IQBAL PRATAMA PR.','SMKJ01','KLS030','L'),(1694,'11122194','NENG SITI JENAB','SMKJ01','KLS030','P'),(1695,'11122199','NINING APRIDA','SMKJ01','KLS030','P'),(1696,'11122232','R. DENANDA RACHMADAN','SMKJ01','KLS030','L'),(1697,'11122257','RENO ANWARIADI','SMKJ01','KLS030','L'),(1698,'11122268','RIDWAN WARDIYANA','SMKJ01','KLS030','L'),(1699,'11122270','RIJAL NANANG','SMKJ01','KLS030','L'),(1700,'11122286','RISAN SAPAAT','SMKJ01','KLS030','L'),(1701,'11122310','RUSWANTO','SMKJ01','KLS030','L'),(1702,'11122358','SUDINI','SMKJ01','KLS030','L'),(1703,'11122379','TITO APRILIYANTO','SMKJ01','KLS030','L'),(1704,'11122381','TOMY GUNAWAN','SMKJ01','KLS030','L'),(1705,'11122396','WARYANI','SMKJ01','KLS030','P'),(1706,'11122410','WINI KHAIRUNISA','SMKJ01','KLS030','P'),(1707,'11122419','YAYAN KHOERUL APILIN','SMKJ01','KLS030','L'),(1708,'11122421','YOGA BARGUZA SETRA','SMKJ01','KLS030','L'),(1709,'1','','','','L'),(1715,'11122411','WIWI JUWITA','SMKJ03','KLS034','P');

/*Table structure for table `spp` */

DROP TABLE IF EXISTS `spp`;

CREATE TABLE `spp` (
  `id_spp` smallint(6) NOT NULL AUTO_INCREMENT,
  `nis` char(8) NOT NULL,
  `id_tarif` smallint(6) NOT NULL,
  `id_user` smallint(6) DEFAULT NULL,
  `tgl_pembayaran` date DEFAULT NULL,
  `id_bulan` char(2) NOT NULL,
  PRIMARY KEY (`nis`,`id_tarif`,`id_bulan`),
  KEY `id_spp` (`id_spp`)
) ENGINE=InnoDB AUTO_INCREMENT=22 DEFAULT CHARSET=latin1;

/*Data for the table `spp` */

insert  into `spp`(`id_spp`,`nis`,`id_tarif`,`id_user`,`tgl_pembayaran`,`id_bulan`) values (10,'11121870',2,1,'2014-02-13','07'),(9,'11121878',2,2,'2014-02-13','07'),(13,'11121964',2,1,'2014-02-13','07'),(16,'11121964',2,1,'2014-02-13','08'),(11,'11121978',2,1,'2014-02-13','01'),(20,'11121978',2,1,'2014-02-14','02'),(12,'11122031',2,1,'2014-02-13','03'),(21,'11122129',2,1,'2014-02-14','09'),(8,'11122411',2,2,'2014-02-12','01'),(14,'11122411',2,1,'2014-02-13','02'),(19,'11122411',2,1,'2014-02-14','03'),(1,'11122411',2,1,'2014-02-11','07'),(2,'11122411',2,1,'2014-02-11','08'),(3,'11122411',2,2,'2014-02-12','09'),(4,'11122411',2,1,'2014-02-12','10'),(5,'11122411',2,2,'2014-02-12','11'),(7,'11122411',2,2,'2014-02-12','12');

/*Table structure for table `tarif` */

DROP TABLE IF EXISTS `tarif`;

CREATE TABLE `tarif` (
  `id_tarif` smallint(6) NOT NULL AUTO_INCREMENT,
  `tahun_ajaran` varchar(10) DEFAULT NULL,
  `tarif` decimal(10,0) DEFAULT NULL,
  `aktif` enum('yes','no') DEFAULT NULL,
  PRIMARY KEY (`id_tarif`)
) ENGINE=InnoDB AUTO_INCREMENT=7 DEFAULT CHARSET=latin1;

/*Data for the table `tarif` */

insert  into `tarif`(`id_tarif`,`tahun_ajaran`,`tarif`,`aktif`) values (1,'2012-2013',150000,'no'),(2,'2013-2014',75000,'yes'),(3,'2014-2015',75000,'no'),(4,'2015-2016',100000,'no'),(6,'2016-2017',50000,'no');

/*Table structure for table `user` */

DROP TABLE IF EXISTS `user`;

CREATE TABLE `user` (
  `id_user` smallint(6) NOT NULL AUTO_INCREMENT,
  `username` varchar(20) DEFAULT NULL,
  `password` char(32) DEFAULT NULL,
  `nama_user` varchar(50) DEFAULT NULL,
  `jk` enum('L','P') DEFAULT NULL,
  `alamat` varchar(100) DEFAULT NULL,
  `email` varchar(50) DEFAULT NULL,
  `telepon` char(12) DEFAULT NULL,
  `level` enum('Admin','Petugas') DEFAULT NULL,
  PRIMARY KEY (`id_user`)
) ENGINE=InnoDB AUTO_INCREMENT=7 DEFAULT CHARSET=latin1;

/*Data for the table `user` */

insert  into `user`(`id_user`,`username`,`password`,`nama_user`,`jk`,`alamat`,`email`,`telepon`,`level`) values (1,'admin','21232f297a57a5a743894a0e4a801fc3','Wiwi Juwita','P','Dawuan','wijuwita@gmail.com','082315554361','Admin'),(2,'petugas','afb91ef692fd08c445e8cb1bab2ccf9c','Garis Mughni','L','Subang','connanwijwu@gmail.com','08989398131','Petugas'),(6,'demo','fe01ce2a7fbac8fafaed7c982a04e229','Penguji','L','Subang','demo@gmail.com','089898989898','Admin');

/*!40101 SET SQL_MODE=@OLD_SQL_MODE */;
/*!40014 SET FOREIGN_KEY_CHECKS=@OLD_FOREIGN_KEY_CHECKS */;
/*!40014 SET UNIQUE_CHECKS=@OLD_UNIQUE_CHECKS */;
/*!40111 SET SQL_NOTES=@OLD_SQL_NOTES */;
